Datum;Auftrag #;Transaktionen;Symbol;Name;ISIN;Anzahl;Stückpreis;Kosten;Aufgelaufene Zinsen;Nettobetrag;Währung Nettobetrag;Nettobetrag in der Währung des Kontos;Saldo;Währung
31-12-2020 12:55:04;00000000;Depotgebühren;;;;1.0;50.00;3.85;0.00;-53.85;CHF;-53.85;4'014.83;CHF
28-12-2020 12:33:35;00000000;Option Premium;RMAGQV;RMAGQV VON C 07-21 -Z;CH0553374957;1.0;68.68;0.00;0.00;68.68;CHF;68.68;4'068.68;CHF
28-12-2020 11:18:11;00000000;Rückzahlung;RMAGQV;RMAGQV VON C 07-21 -Z;CH0553374957;-4000.0;100.00 %;0.00;0.00;-;CHF;-;0.00;CHF
28-12-2020 11:18:11;00000000;Rückzahlung;RMAGQV;RMAGQV VON C 07-21 -Z;CH0553374957;1.0;4'000.00;0.00;0.00;4'000.00;CHF;4'000.00;4'000.00;CHF
16-12-2020 17:32:53;00000000;Dividende;RDSA;ROYAL DUTCH SHELL CL A ORD;GB00B03MLX29;1.0;83.16;12.47;0.00;70.69;EUR;70.69;139.69;EUR
14-12-2020 22:16:48;00000000;Fx-Gutschrift Comp.;;;;1.0;9'923.87;0.00;0.00;9'923.87;CHF;9'923.87;0.00;CHF
14-12-2020 22:16:48;00000000;Fx-Belastung Comp.;;;;1.0;11'297.74;0.00;0.00;-11'297.74;USD;-11'297.74;6'959.79;USD
14-12-2020 09:01:03;78814390;Kauf;ARYN;ARYZTA N;CH0043238366;428.0;0.6635;0.20;0.00;-284.20;CHF;-284.20;-9'923.87;CHF
14-12-2020 09:01:03;78814390;Kauf;ARYN;ARYZTA N;CH0043238366;1573.0;0.6635;0.90;0.00;-1'044.55;CHF;-1'044.55;-9'639.67;CHF
14-12-2020 09:01:03;78814390;Kauf;ARYN;ARYZTA N;CH0043238366;9255.0;0.6635;4.75;0.00;-6'145.45;CHF;-6'145.45;-8'595.12;CHF
14-12-2020 09:01:02;78814390;Kauf;ARYN;ARYZTA N;CH0043238366;1502.0;0.6635;10.75;0.00;-1'007.35;CHF;-1'007.35;-2'449.67;CHF
14-12-2020 09:01:02;78814390;Kauf;ARYN;ARYZTA N;CH0043238366;2242.0;0.6635;23.45;0.00;-1'511.00;CHF;-1'511.00;-1'442.32;CHF
08-12-2020 16:36:49;00000000;Wertlose Ausbuchung;ITM PWR SUB;ITM POWER SUB.SHS;GB00BMF7GD44;-6.0;0;0.00;0.00;-;EUR;-;0.00;EUR
07-12-2020 17:37:19;00000000;Option Premium;MAGLTQ;MAGLTQ LEONGUE C 08/21;CH0522707550;1.0;326.50;0.00;0.00;326.50;USD;326.50;18'257.53;USD
07-12-2020 17:37:15;00000000;Coupon;MAGLTQ;MAGLTQ LEONGUE C 08/21;CH0522707550;1.0;28.50;0.00;0.00;28.50;USD;28.50;17'931.03;USD
07-12-2020 11:37:40;00000000;Rückzahlung;MAGLTQ;MAGLTQ LEONGUE C 08/21;CH0522707550;-10000.0;100.00 %;0.00;0.00;-;USD;-;0.00;USD
07-12-2020 11:37:40;00000000;Rückzahlung;MAGLTQ;MAGLTQ LEONGUE C 08/21;CH0522707550;1.0;10'000.00;0.00;0.00;10'000.00;USD;10'000.00;17'902.53;USD
05-12-2020 16:59:07;00000000;Interne Titelumbuchung;LONN;LONZA N;CH0013841017;22.0;0;0.00;0.00;-;CHF;-;0.00;CHF
05-12-2020 16:59:07;00000000;Interne Titelumbuchung;LONN;LONZA N;CH0013841017;-22.0;0;0.00;0.00;-;CHF;-;0.00;CHF
05-12-2020 15:29:48;00000000;Interne Titelumbuchung;NESN;NESTLE N;CH0038863350;75.0;0;0.00;0.00;-;CHF;-;0.00;CHF
05-12-2020 15:29:48;00000000;Interne Titelumbuchung;NESN;NESTLE N;CH0038863350;-75.0;0;0.00;0.00;-;CHF;-;0.00;CHF
05-12-2020 12:25:55;00000000;Interne Titelumbuchung;SLHN;SWISS LIFE HOLDING AG N;CH0014852781;30.0;0;0.00;0.00;-;CHF;-;0.00;CHF
05-12-2020 12:25:55;00000000;Interne Titelumbuchung;SLHN;SWISS LIFE HOLDING AG N;CH0014852781;-30.0;0;0.00;0.00;-;CHF;-;0.00;CHF
05-12-2020 11:01:45;00000000;Interne Titelumbuchung;SREN;SWISS RE N;CH0126881561;150.0;0;0.00;0.00;-;CHF;-;0.00;CHF
05-12-2020 11:01:45;00000000;Interne Titelumbuchung;SREN;SWISS RE N;CH0126881561;-150.0;0;0.00;0.00;-;CHF;-;0.00;CHF
01-12-2020 13:44:46;00000000;Dividende;INTC;INTEL ORD;US4581401001;1.0;66.00;19.80;0.00;46.20;USD;46.20;7'902.53;USD
26-11-2020 14:19:18;00000000;Option Premium;RMAGQV;RMAGQV VON C 07-21 -Z;CH0553374957;1.0;68.68;0.00;0.00;68.68;CHF;68.68;68.68;CHF
16-11-2020 15:31:28;77580582;Verkauf;ZNH;CHINA SOUTH AIRL ADR REP 50 CL;US1694091091;250.0;31.00;42.65;0.00;7'707.35;USD;7'707.35;7'856.33;USD
12-11-2020 22:16:31;00000000;Fx-Gutschrift Comp.;;;;1.0;186.80;0.00;0.00;186.80;CHF;186.80;0.00;CHF
12-11-2020 22:16:31;00000000;Fx-Belastung Comp.;;;;1.0;206.02;0.00;0.00;-206.02;USD;-206.02;148.98;USD
12-11-2020 16:51:27;77582256;Kauf;BCHN;BURCKHARDT N;CH0025536027;14.0;287.00;3.00;0.00;-4'021.00;CHF;-4'021.00;-186.80;CHF
12-11-2020 16:51:26;77582256;Kauf;BCHN;BURCKHARDT N;CH0025536027;6.0;287.00;11.30;0.00;-1'733.30;CHF;-1'733.30;3'834.20;CHF
12-11-2020 16:51:26;77582256;Kauf;BCHN;BURCKHARDT N;CH0025536027;4.0;287.00;23.20;0.00;-1'171.20;CHF;-1'171.20;5'567.50;CHF
30-10-2020 17:06:07;00000000;Ausgabe von Anrechten;ITM PWR SUB;ITM POWER SUB.SHS;GB00BMF7GD44;6.0;0;0.00;0.00;-;EUR;-;0.00;EUR
28-10-2020 09:16:21;76836312;Verkauf;OERL;OC OERLIKON N;CH0000816824;1000.0;6.39;37.15;0.00;6'352.85;CHF;6'352.85;6'738.70;CHF
20-10-2020 12:44:43;76655265;Kauf;RMAGQV;RMAGQV VON C 07-21 -Z;CH0553374957;4000.0;100.00 %;50.00;0.00;-4'050.00;CHF;-4'050.00;385.85;CHF
30-09-2020 12:29:31;00000000;Depotgebühren;;;;1.0;50.00;3.85;0.00;-53.85;CHF;-53.85;4'435.85;CHF
21-09-2020 16:25:56;00000000;Dividende;RDSA;ROYAL DUTCH SHELL CL A ORD;GB00B03MLX29;1.0;81.18;12.18;0.00;69.00;EUR;69.00;69.00;EUR
10-09-2020 16:26:49;00000000;Kapitalrückzahlung;HBMN;HBM N;CH0012627250;1.0;231.00;0.00;0.00;231.00;CHF;231.00;4'489.70;CHF
10-09-2020 07:02:10;00000000;Auszahlung;;;;1.0;15'000.00;2.00;0.00;-15'002.00;CHF;-15'002.00;4'258.70;CHF
08-09-2020 13:50:34;00000000;Coupon;MAGLTQ;MAGLTQ LEONGUE C 08/21;CH0522707550;1.0;28.50;0.00;0.00;28.50;USD;28.50;355.00;USD
08-09-2020 13:50:34;00000000;Option Premium;MAGLTQ;MAGLTQ LEONGUE C 08/21;CH0522707550;1.0;326.50;0.00;0.00;326.50;USD;326.50;326.50;USD
08-09-2020 09:26:28;75197545;Verkauf;SGKN;ST GALLER KB N;CH0011484067;25.0;420.00;64.75;0.00;10'435.25;CHF;10'435.25;19'260.70;CHF
10-08-2020 09:01:38;74238207;Verkauf;ROSE;ZUR ROSE GROUP N;CH0042615283;25.0;260.00;36.75;0.00;6'463.25;CHF;6'463.25;8'825.45;CHF
10-08-2020 09:01:03;74238199;Kauf;OERL;OC OERLIKON N;CH0000816824;46.0;8.145;0.25;0.00;-374.90;CHF;-374.90;2'362.20;CHF
10-08-2020 09:01:03;74238199;Kauf;OERL;OC OERLIKON N;CH0000816824;954.0;8.145;38.30;0.00;-7'808.65;CHF;-7'808.65;2'737.10;CHF
10-08-2020 09:01:02;74238205;Kauf;HBMN;HBM N;CH0012627250;19.0;287.00;4.25;0.00;-5'457.25;CHF;-5'457.25;10'545.75;CHF
10-08-2020 09:01:02;74238205;Kauf;HBMN;HBM N;CH0012627250;11.0;287.00;34.70;0.00;-3'191.70;CHF;-3'191.70;16'003.00;CHF
10-08-2020 03:20:14;74204076;Berichtigung Börsengeb.;9988;BABA-SW ORD;KYG017191142;1.0;-6.30;0.00;0.00;-53.51;HKD;-6.30;19'194.70;CHF
10-08-2020 03:20:02;74204076;Kauf;9988;BABA-SW ORD;KYG017191142;200.0;244.80;1'174.29;0.00;-50'134.29;HKD;-5'992.05;19'201.00;CHF
07-08-2020 22:17:35;00000000;Fx-Gutschrift Comp.;;;;1.0;15'626.82;0.00;0.00;15'626.82;USD;15'626.82;0.00;USD
07-08-2020 22:17:35;00000000;Fx-Belastung Comp.;;;;1.0;14'403.72;0.00;0.00;-14'403.72;CHF;-14'403.72;25'193.05;CHF
07-08-2020 15:30:57;74204404;Kauf;ZNH;CHINA SOUTH AIRL ADR REP 50 CL;US1694091091;250.0;23.35;38.76;0.00;-5'876.26;USD;-5'876.26;-15'626.82;USD
07-08-2020 15:30:34;74197729;Kauf;INTC;INTEL ORD;US4581401001;200.0;48.53;44.56;0.00;-9'750.56;USD;-9'750.56;-9'750.56;USD
05-08-2020 12:05:33;00000000;Vergütung;;;;1.0;35'000.00;0.00;0.00;35'000.00;CHF;35'000.00;39'596.77;CHF
04-08-2020 17:13:16;74093620;Kauf;SREN;SWISS RE N;CH0126881561;150.0;71.60;64.90;0.00;-10'804.90;CHF;-10'804.90;4'596.77;CHF
03-08-2020 16:59:12;74053758;Verkauf;INA;INA INVEST N;CH0524026959;72.0;18.60;22.85;0.00;1'316.35;CHF;1'316.35;15'401.67;CHF
27-07-2020 13:59:18;73849789;Verkauf;LHN;LAFARGEHOLCIM N;CH0012214059;104.0;44.36;35.80;0.00;4'577.65;CHF;4'577.65;14'085.32;CHF
24-07-2020 17:40:04;00000000;Kapitalrückzahlung;SLHN;SWISS LIFE HOLDING AG N;CH0014852781;1.0;150.00;0.00;0.00;150.00;CHF;150.00;9'507.67;CHF
23-07-2020 12:10:18;73749356;Verkauf;IMPN;IMPLENIA N;CH0023868554;99.0;42.50;3.15;0.00;4'204.35;CHF;4'204.35;9'357.67;CHF
23-07-2020 12:08:00;73749356;Verkauf;IMPN;IMPLENIA N;CH0023868554;1.0;42.50;0.05;0.00;42.45;CHF;42.45;5'153.32;CHF
23-07-2020 12:02:07;73749356;Verkauf;IMPN;IMPLENIA N;CH0023868554;1.0;42.50;0.05;0.00;42.45;CHF;42.45;5'110.87;CHF
23-07-2020 12:00:33;73749356;Verkauf;IMPN;IMPLENIA N;CH0023868554;49.0;42.50;33.40;0.00;2'049.10;CHF;2'049.10;5'068.42;CHF
21-07-2020 11:56:09;73671420;Kauf;UHRN;SWATCH GROUP N;CH0012255144;68.0;38.76;2.00;0.00;-2'637.70;CHF;-2'637.70;3'019.32;CHF
21-07-2020 11:56:09;73671420;Kauf;UHRN;SWATCH GROUP N;CH0012255144;6.0;38.74;0.20;0.00;-232.65;CHF;-232.65;5'657.02;CHF
21-07-2020 11:56:09;73671420;Kauf;UHRN;SWATCH GROUP N;CH0012255144;175.0;38.74;26.05;0.00;-6'805.55;CHF;-6'805.55;5'889.67;CHF
21-07-2020 11:56:09;73671420;Kauf;UHRN;SWATCH GROUP N;CH0012255144;1.0;38.72;11.40;0.00;-50.10;CHF;-50.10;12'695.22;CHF
21-07-2020 11:51:39;73671271;Verkauf;ALSN;ALSO N;CH0024590272;15.0;249.00;2.80;0.00;3'732.20;CHF;3'732.20;12'745.32;CHF
21-07-2020 11:51:38;73671271;Verkauf;ALSN;ALSO N;CH0024590272;15.0;249.00;35.15;0.00;3'699.85;CHF;3'699.85;9'013.12;CHF
15-07-2020 22:17:00;00000000;Fx-Gutschrift Comp.;;;;1.0;4'861.20;0.00;0.00;4'861.20;EUR;4'861.20;0.00;EUR
15-07-2020 22:17:00;00000000;Fx-Belastung Comp.;;;;1.0;5'291.31;0.00;0.00;-5'291.31;CHF;-5'291.31;5'313.27;CHF
15-07-2020 10:58:55;73509132;Kauf;AMD;ADVANCED MICRO DEVICES ORD;US0079031078;100.0;48.20;41.20;0.00;-4'861.20;EUR;-4'861.20;-4'861.20;EUR
14-07-2020 11:35:18;73467953;Kauf;SRAIL;STADLER RAIL N;CH0002178181;50.0;37.96;1.40;0.00;-1'899.40;CHF;-1'899.40;10'604.58;CHF
14-07-2020 11:35:17;73467953;Kauf;SRAIL;STADLER RAIL N;CH0002178181;200.0;37.96;38.05;0.00;-7'630.05;CHF;-7'630.05;12'503.98;CHF
13-07-2020 16:07:17;73148937;Verkauf;ROSE;ZUR ROSE GROUP N;CH0042615283;30.0;300.00;38.60;0.00;8'961.40;CHF;8'961.40;20'134.03;CHF
30-06-2020 11:36:24;00000000;Depotgebühren;;;;1.0;29.71;2.29;0.00;-32.00;CHF;-32.00;11'172.63;CHF
17-06-2020 14:58:53;00000000;Kapitalerhöhung;INA;INA INVEST N;CH0524026959;42.0;22.42;0.00;0.00;-;CHF;-;0.00;CHF
17-06-2020 14:58:53;00000000;Kapitalerhöhung;INA INV SR 0620;INA INVEST HLDG SUB RIGHTS FOR SHS 2020-10.06.20;CH0545163203;-150.0;0;0.00;0.00;-;CHF;-;0.00;CHF
17-06-2020 14:58:53;00000000;Kapitalerhöhung;;;;1.0;-941.64;0.00;0.00;-941.64;CHF;-941.64;11'204.63;CHF
17-06-2020 12:56:11;00000000;Spin off;INA;INA INVEST N;CH0524026959;30.0;22.20;0.00;0.00;-;CHF;-;0.00;CHF
10-06-2020 10:16:14;00000000;Dividende;TKBP;THURGAUER KB PS;CH0231351104;1.0;140.00;49.00;0.00;91.00;CHF;91.00;12'146.27;CHF
09-06-2020 22:16:34;00000000;Fx-Gutschrift Comp.;;;;1.0;9'764.18;0.00;0.00;9'764.18;USD;9'764.18;0.00;USD
09-06-2020 22:16:34;00000000;Fx-Belastung Comp.;;;;1.0;9'371.84;0.00;0.00;-9'371.84;CHF;-9'371.84;12'055.27;CHF
09-06-2020 13:31:26;72294646;Kauf;MAGLTQ;MAGLTQ LEONGUE C 08/21;CH0522707550;10000.0;97.16 %;48.57;0.00;-9'764.57;USD;-9'764.57;-9'764.18;USD
08-06-2020 22:16:56;00000000;Fx-Gutschrift Comp.;;;;1.0;4'044.98;0.00;0.00;4'044.98;EUR;4'044.98;0.00;EUR
08-06-2020 22:16:56;00000000;Fx-Belastung Comp.;;;;1.0;4'414.80;0.00;0.00;-4'414.80;CHF;-4'414.80;21'427.11;CHF
08-06-2020 12:49:50;72232071;Kauf;SGKN;ST GALLER KB N;CH0011484067;25.0;444.50;65.80;0.00;-11'178.30;CHF;-11'178.30;25'841.91;CHF
08-06-2020 10:03:18;71871364;Verkauf;CSGN;CS GROUP N;CH0012138530;1200.0;10.50;66.30;0.00;12'533.70;CHF;12'533.70;37'020.21;CHF
08-06-2020 08:03:33;72205283;Kauf;IJ8;ITM POWER ORD;GB00B0130H42;1000.0;4.005;39.98;0.00;-4'044.98;EUR;-4'044.98;-4'044.98;EUR
04-06-2020 22:16:38;00000000;Fx-Gutschrift Comp.;;;;1.0;9'495.83;0.00;0.00;9'495.83;EUR;9'495.83;0.00;EUR
04-06-2020 22:16:38;00000000;Fx-Belastung Comp.;;;;1.0;10'385.57;0.00;0.00;-10'385.57;CHF;-10'385.57;24'486.51;CHF
04-06-2020 09:02:17;72086247;Berichtigung Börsengeb.;OD7F;WISDOMTREE WTI CRUDE OIL ETC;DE000A0KRJX4;1.0;0.48;0.00;0.00;0.48;EUR;0.48;-9'495.83;EUR
04-06-2020 09:02:16;72086247;Kauf;OD7F;WISDOMTREE WTI CRUDE OIL ETC;DE000A0KRJX4;3000.0;3.152;40.31;0.00;-9'496.31;EUR;-9'496.31;-9'496.31;EUR
03-06-2020 08:38:36;00000000;Ausgabe von Anrechten;INA INV SR 0620;INA INVEST HLDG SUB RIGHTS FOR SHS 2020-10.06.20;CH0545163203;150.0;0;0.00;0.00;-;CHF;-;0.00;CHF
25-05-2020 09:54:00;71665707;Verkauf;SGKN;ST GALLER KB N;CH0011484067;3.0;408.50;0.90;0.00;1'224.60;CHF;1'224.60;34'872.08;CHF
25-05-2020 09:54:00;71665707;Verkauf;SGKN;ST GALLER KB N;CH0011484067;7.0;408.50;34.50;0.00;2'825.00;CHF;2'825.00;33'647.48;CHF
25-05-2020 09:52:15;71665420;Kauf;CSGN;CS GROUP N;CH0012138530;1200.0;8.064;39.75;0.00;-9'716.55;CHF;-9'716.55;30'822.48;CHF
20-05-2020 17:40:14;00000000;Capital Gain;LHN;LAFARGEHOLCIM N;CH0012214059;1.0;208.00;0.00;0.00;208.00;CHF;208.00;40'539.03;CHF
19-05-2020 09:09:11;71514575;Kauf;SLHN;SWISS LIFE HOLDING AG N;CH0014852781;30.0;325.00;39.15;0.00;-9'789.15;CHF;-9'789.15;40'331.03;CHF
19-05-2020 09:01:37;71514818;Kauf;ZGLD;ZKB GOLD ETF;CH0139101593;19.0;510.70;8.30;0.00;-9'711.60;CHF;-9'711.60;50'120.18;CHF
19-05-2020 09:01:35;71514818;Kauf;ZGLD;ZKB GOLD ETF;CH0139101593;1.0;510.70;12.25;0.00;-522.95;CHF;-522.95;59'831.78;CHF
19-05-2020 09:01:28;71514933;Kauf;LONN;LONZA N;CH0013841017;22.0;466.30;65.30;0.00;-10'323.90;CHF;-10'323.90;60'354.73;CHF
19-05-2020 09:01:22;71514953;Kauf;HELN;HELVETIA HOLDING N;CH0466642201;9.0;83.05;25.65;0.00;-773.10;CHF;-773.10;70'678.63;CHF
19-05-2020 09:01:22;71514953;Kauf;HELN;HELVETIA HOLDING N;CH0466642201;24.0;83.05;1.65;0.00;-1'994.85;CHF;-1'994.85;71'451.73;CHF
19-05-2020 09:01:22;71514953;Kauf;HELN;HELVETIA HOLDING N;CH0466642201;16.0;83.05;1.05;0.00;-1'329.85;CHF;-1'329.85;73'446.58;CHF
19-05-2020 09:01:21;71514953;Kauf;HELN;HELVETIA HOLDING N;CH0466642201;76.0;83.05;37.10;0.00;-6'348.90;CHF;-6'348.90;74'776.43;CHF
19-05-2020 09:01:20;71514622;Kauf;ROSE;ZUR ROSE GROUP N;CH0042615283;55.0;172.40;39.65;0.00;-9'521.65;CHF;-9'521.65;81'125.33;CHF
19-05-2020 09:00:10;71514904;Kauf;RDSA;ROYAL DUTCH SHELL CL A ORD;GB00B03MLX29;600.0;13.466;83.37;0.00;-8'162.94;GBP;-9'815.90;90'646.98;CHF
18-05-2020 08:06:23;00000000;Vergütung;;;;1.0;100'000.00;0.00;0.00;100'000.00;CHF;100'000.00;100'462.88;CHF
05-05-2020 12:14:56;00000000;Dividende;SGKN;ST GALLER KB N;CH0011484067;1.0;160.00;56.00;0.00;104.00;CHF;104.00;462.88;CHF
30-04-2020 10:59:40;00000000;Dividende;SNBN;SNB N;CH0001319265;1.0;30.00;10.50;0.00;19.50;CHF;19.50;358.88;CHF
29-04-2020 21:04:35;00000000;Dividende;NESN;NESTLE N;CH0038863350;1.0;202.50;70.88;0.00;131.62;CHF;131.62;339.38;CHF
02-04-2020 11:36:58;00000000;Storno (Dividende);IMPN;IMPLENIA N;CH0023868554;1.0;112.50;39.38;0.00;-73.12;CHF;-73.12;207.76;CHF
02-04-2020 11:29:29;00000000;Dividende (Storniert);IMPN;IMPLENIA N;CH0023868554;1.0;112.50;39.38;0.00;73.12;CHF;73.12;280.88;CHF
01-04-2020 16:58:35;00000000;Dividende;IMPN;IMPLENIA N;CH0023868554;1.0;112.50;39.38;0.00;73.12;CHF;73.12;207.76;CHF
31-03-2020 15:42:23;00000000;Depotgebühren;;;;1.0;28.09;2.16;0.00;-30.25;CHF;-30.25;134.64;CHF
30-03-2020 10:50:01;00000000;Capital Gain;ALSN;ALSO N;CH0024590272;1.0;97.50;0.00;0.00;97.50;CHF;97.50;164.89;CHF
30-01-2020 18:14:55;00000000;Auszahlung;;;;1.0;100.00;0.00;0.00;-100.00;CHF;-100.00;67.39;CHF
01-01-2020 11:37:05;00000000;Zins;;;;1.0;0.39;0.00;0.00;0.39;USD;0.39;0.39;USD
31-12-2019 11:54:32;00000000;Depotgebühren;;;;1.0;27.87;2.15;0.00;-30.02;CHF;-30.02;167.39;CHF
17-12-2019 09:01:04;66768935;Kauf;ALSN;ALSO N;CH0024590272;30.0;166.00;36.10;0.00;-5'016.10;CHF;-5'016.10;197.41;CHF
29-11-2019 22:16:06;00000000;Fx-Gutschrift Comp.;;;;1.0;9'622.18;0.00;0.00;9'622.18;USD;9'622.18;0.00;USD
29-11-2019 22:16:06;00000000;Fx-Belastung Comp.;;;;1.0;9'712.90;0.00;0.00;-9'712.90;CHF;-9'712.90;5'213.51;CHF
29-11-2019 18:16:20;66381395;Kauf;Res-GlobaMicrAD;RESPONSABILITY GLOBAL MICROFINANCE FUND B;LU0180189770;60.0;167.67;24.09;0.00;-10'084.29;USD;-10'084.29;-9'622.18;USD
22-11-2019 16:24:36;66382508;Kauf;IMPN;IMPLENIA N;CH0023868554;150.0;40.24;36.90;0.00;-6'072.90;CHF;-6'072.90;14'926.41;CHF
22-11-2019 15:56:24;66381430;Verkauf;EMSN;EMS-CHEMIE N;CH0016440353;1.0;619.00;0.45;0.00;618.55;CHF;618.55;20'999.31;CHF
22-11-2019 15:56:24;66381430;Verkauf;EMSN;EMS-CHEMIE N;CH0016440353;4.0;619.00;11.85;0.00;2'464.15;CHF;2'464.15;20'380.76;CHF
22-11-2019 15:56:24;66381430;Verkauf;EMSN;EMS-CHEMIE N;CH0016440353;1.0;619.00;0.50;0.00;618.50;CHF;618.50;17'916.61;CHF
22-11-2019 15:56:24;66381430;Verkauf;EMSN;EMS-CHEMIE N;CH0016440353;1.0;619.00;22.80;0.00;596.20;CHF;596.20;17'298.11;CHF
22-11-2019 15:55:46;66381410;Verkauf;BELL;BELL FOOD GROUP N;CH0315966322;25.0;274.00;37.50;0.00;6'812.50;CHF;6'812.50;16'701.91;CHF
22-11-2019 15:48:37;66381134;Verkauf;GLDV;SPDR S&P Global Div. Arist.;IE00B9CQXS71;150.0;34.17;40.80;0.00;5'084.70;CHF;5'084.70;9'889.41;CHF
13-11-2019 09:01:57;66238345;Verkauf;PGHN;PARTNERS GROUP N;CH0024608827;6.0;796.20;35.95;0.00;4'741.25;CHF;4'741.25;4'804.71;CHF
08-11-2019 14:46:26;00000000;Dividende;GLDV;SPDR S&P Global Div. Arist.;IE00B9CQXS71;1.0;43.74;0.00;0.00;43.74;USD;43.74;462.11;USD
30-09-2019 11:07:33;00000000;Depotgebühren;;;;1.0;27.22;2.10;0.00;-29.32;CHF;-29.32;63.46;CHF
15-08-2019 10:16:41;00000000;Dividende;GLDV;SPDR S&P Global Div. Arist.;IE00B9CQXS71;1.0;70.38;0.00;0.00;70.38;USD;70.38;418.37;USD
13-08-2019 16:32:59;00000000;Dividende;EMSN;EMS-CHEMIE N;CH0016440353;1.0;138.25;48.39;0.00;89.86;CHF;89.86;92.78;CHF
12-08-2019 09:01:55;64810849;Kauf;PGHN;PARTNERS GROUP N;CH0024608827;1.0;796.00;0.60;0.00;-796.60;CHF;-796.60;2.92;CHF
12-08-2019 09:01:55;64810849;Kauf;PGHN;PARTNERS GROUP N;CH0024608827;5.0;796.00;35.35;0.00;-4'015.35;CHF;-4'015.35;799.52;CHF
02-07-2019 14:30:58;00000000;Rückzahlung;LHN;LAFARGEHOLCIM N;CH0012214059;-0.4356;45.090032;0.00;0.00;-;CHF;-;0.00;CHF
02-07-2019 14:30:58;00000000;Rückzahlung;LHN;LAFARGEHOLCIM N;CH0012214059;1.0;19.64;0.00;0.00;19.64;CHF;19.64;4'814.87;CHF
02-07-2019 10:19:04;00000000;Wertlose Ausbuchung;LAFARGE ER 19;LAFARGEHOLCIM-ELECTION RIGHT 2019-3 1.05.19;CH0465781083;-100.0;0;0.00;0.00;-;CHF;-;0.00;CHF
28-06-2019 13:57:29;00000000;Depotgebühren;;;;1.0;27.27;2.10;0.00;-29.37;CHF;-29.37;4'795.23;CHF
26-06-2019 14:31:58;00000000;Stockdividende;LHN;LAFARGEHOLCIM N;CH0012214059;4.4356;0;0.00;0.00;-;CHF;-;0.00;CHF
17-06-2019 11:25:50;00000000;Dividende;TKBP;THURGAUER KB PS;CH0231351104;1.0;140.00;49.00;0.00;91.00;CHF;91.00;4'824.60;CHF
12-06-2019 15:58:24;00000000;Wertlose Ausbuchung;ST.GALL SR 19;ST.GALLER KB - SUBSCRIPTION RIGHTS 2019-23.05.19;CH0469129917;-10.0;0;0.00;0.00;-;CHF;-;0.00;CHF
23-05-2019 17:30:09;63602695;Kauf;SNBN;SNB N;CH0001319265;1.0;5'240.00;29.70;0.00;-5'269.70;CHF;-5'269.70;4'733.60;CHF
23-05-2019 17:01:44;63602695;Kauf;SNBN;SNB N;CH0001319265;1.0;5'250.00;35.80;0.00;-5'285.80;CHF;-5'285.80;10'003.30;CHF
20-05-2019 09:20:44;00000000;Ausgabe von Anrechten;LAFARGE ER 19;LAFARGEHOLCIM-ELECTION RIGHT 2019-3 1.05.19;CH0465781083;100.0;0;0.00;0.00;-;CHF;-;0.00;CHF
16-05-2019 15:48:19;63539314;Verkauf;SMICHA;UBSETF SMI CHF DIS;CH0017142719;80.0;99.00;18.50;0.00;7'901.50;CHF;7'901.50;15'289.10;CHF
16-05-2019 09:55:35;63338081;Verkauf;NESN;NESTLE N;CH0038863350;75.0;99.00;37.40;0.00;7'387.60;CHF;7'387.60;7'387.60;CHF
15-05-2019 09:36:05;00000000;Ausgabe von Anrechten;ST.GALL SR 19;ST.GALLER KB - SUBSCRIPTION RIGHTS 2019-23.05.19;CH0469129917;10.0;0;0.00;0.00;-;CHF;-;0.00;CHF
14-05-2019 08:46:18;00000000;Dividende;GLDV;SPDR S&P Global Div. Arist.;IE00B9CQXS71;1.0;38.22;0.00;0.00;38.22;USD;38.22;347.99;USD
03-05-2019 22:15:58;00000000;Fx-Gutschrift Comp.;;;;1.0;6'853.30;0.00;0.00;6'853.30;CHF;6'853.30;0.00;CHF
03-05-2019 22:15:58;00000000;Fx-Belastung Comp.;;;;1.0;6'803.00;0.00;0.00;-6'803.00;USD;-6'803.00;309.77;USD
03-05-2019 16:46:27;63338285;Kauf;BELL;BELL FOOD GROUP N;CH0315966322;25.0;291.00;37.30;0.00;-7'312.30;CHF;-7'312.30;-6'853.30;CHF
26-04-2019 10:57:36;00000000;Dividende;SGKN;ST GALLER KB N;CH0011484067;1.0;160.00;56.00;0.00;104.00;CHF;104.00;459.00;CHF
15-04-2019 17:00:13;00000000;Dividende;NESN;NESTLE N;CH0038863350;1.0;367.50;128.63;0.00;238.87;CHF;238.87;355.00;CHF
15-04-2019 15:43:58;00000000;Dividende;SMICHA;UBSETF SMI CHF DIS;CH0017142719;1.0;35.20;12.32;0.00;22.88;CHF;22.88;116.13;CHF
11-04-2019 15:49:20;63047966;Verkauf;PRNT;3D PRINTING ETF;US00214Q5009;300.0;22.66;40.29;0.00;6'757.71;USD;6'757.71;7'112.77;USD
08-04-2019 09:08:58;62959221;Kauf;EMSN;EMS-CHEMIE N;CH0016440353;7.0;585.00;34.90;0.00;-4'129.90;CHF;-4'129.90;93.25;CHF
04-04-2019 17:53:29;62922555;Verkauf;PRECIOUS WOODS;PRECIOUS WOODS HLDG - REG.SHS;CH0013283368;210.0;7.65;101.20;0.00;1'505.30;CHF;1'505.30;4'223.15;CHF
04-04-2019 17:31:56;62922208;Verkauf;ODHN;ORASCOM DEVELOPMENT HLD AG N;CH0038285679;100.0;17.00;23.65;0.00;1'676.35;CHF;1'676.35;2'717.85;CHF
01-04-2019 11:43:58;00000000;Depotgebühren;;;;1.0;26.02;2.00;0.00;-28.02;CHF;-28.02;1'041.50;CHF
07-03-2019 10:53:10;00000000;Dividende;SMICHA;UBSETF SMI CHF DIS;CH0017142719;1.0;44.00;15.40;0.00;28.60;CHF;28.60;1'069.52;CHF
04-03-2019 15:20:11;00000000;Dividende;SMICHA;UBSETF SMI CHF DIS;CH0017142719;1.0;40.00;14.00;0.00;26.00;CHF;26.00;1'040.92;CHF
18-02-2019 11:16:32;00000000;Dividende;GLDV;SPDR S&P Global Div. Arist.;IE00B9CQXS71;1.0;33.50;0.00;0.00;33.50;USD;33.50;355.06;USD
28-01-2019 17:19:30;00000000;Auszahlung;;;;1.0;107.70;0.00;0.00;-107.70;CHF;-107.70;1'014.92;CHF
02-01-2019 11:33:37;00000000;Capital Gain;PRNT;3D PRINTING ETF;US00214Q5009;1.0;47.47;0.00;0.00;47.47;USD;47.47;321.56;USD
01-01-2019 10:34:12;00000000;Zins;;;;1.0;0.12;0.00;0.00;0.12;USD;0.12;274.09;USD
31-12-2018 11:48:14;00000000;Depotgebühren;;;;1.0;27.44;2.11;0.00;-29.55;CHF;-29.55;1'122.62;CHF
16-11-2018 17:03:50;00000000;Dividende;GLDV;SPDR S&P Global Div. Arist.;IE00B9CQXS71;1.0;39.35;0.00;0.00;39.35;USD;39.35;273.97;USD
08-10-2018 09:01:07;60177934;Verkauf;MBTN;MEYER BURGER N;CH0108503795;900.0;0.62;11.40;0.00;546.60;CHF;546.60;1'152.17;CHF
08-10-2018 09:01:07;60177934;Verkauf;MBTN;MEYER BURGER N;CH0108503795;500.0;0.62;11.10;0.00;298.90;CHF;298.90;605.57;CHF
28-09-2018 14:38:35;00000000;Depotgebühren;;;;1.0;28.68;2.21;0.00;-30.89;CHF;-30.89;306.67;CHF
05-09-2018 13:56:46;00000000;Dividende;SMICHA;UBSETF SMI CHF DIS;CH0017142719;1.0;58.40;20.44;0.00;37.96;CHF;37.96;337.56;CHF
05-09-2018 13:54:48;00000000;Capital Gain;SMICHA;UBSETF SMI CHF DIS;CH0017142719;1.0;40.80;0.00;0.00;40.80;CHF;40.80;299.60;CHF
17-08-2018 11:06:42;00000000;Dividende;GLDV;SPDR S&P Global Div. Arist.;IE00B9CQXS71;1.0;66.15;0.00;0.00;66.15;USD;66.15;234.62;USD
29-06-2018 16:53:56;00000000;Depotgebühren;;;;1.0;28.39;2.19;0.00;-30.58;CHF;-30.58;258.80;CHF
04-06-2018 11:16:32;00000000;Dividende;TKBP;THURGAUER KB PS;CH0231351104;1.0;137.50;48.13;0.00;89.37;CHF;89.37;289.38;CHF
11-05-2018 16:24:34;00000000;Capital Gain;LHN;LAFARGEHOLCIM N;CH0012214059;1.0;200.00;0.00;0.00;200.00;CHF;200.00;200.01;CHF
10-05-2018 09:31:52;00000000;Dividende;GLDV;SPDR S&P Global Div. Arist.;IE00B9CQXS71;1.0;46.19;0.00;0.00;46.19;USD;46.19;168.47;USD
30-04-2018 22:16:11;57949136;Fx-Belastung Comp.;;;;1.0;36.02;0.00;0.00;-36.02;USD;-36.02;122.28;USD
30-04-2018 22:16:11;57949136;Fx-Gutschrift Comp.;;;;1.0;35.35;0.00;0.00;35.35;CHF;35.35;0.01;CHF
30-04-2018 09:02:00;57919517;Kauf;TKBP;THURGAUER KB PS;CH0231351104;1.0;104.00;0.10;0.00;-104.10;CHF;-104.10;-35.34;CHF
30-04-2018 09:01:59;57919517;Kauf;TKBP;THURGAUER KB PS;CH0231351104;49.0;104.00;36.15;0.00;-5'132.15;CHF;-5'132.15;68.76;CHF
30-04-2018 09:01:58;57919514;Kauf;SGKN;ST GALLER KB N;CH0011484067;10.0;535.00;36.35;0.00;-5'386.35;CHF;-5'386.35;5'200.91;CHF
30-04-2018 09:00:46;57921762;Kauf;GLDV;SPDR S&P Global Div. Arist.;IE00B9CQXS71;15.0;34.50;0.85;0.00;-518.35;CHF;-518.35;10'587.26;CHF
30-04-2018 09:00:45;57921762;Kauf;GLDV;SPDR S&P Global Div. Arist.;IE00B9CQXS71;135.0;34.50;40.05;0.00;-4'697.55;CHF;-4'697.55;11'105.61;CHF
16-04-2018 18:01:35;00000000;Dividende;NESN;NESTLE N;CH0038863350;1.0;352.50;123.38;0.00;229.12;CHF;229.12;15'803.16;CHF
16-04-2018 17:43:03;00000000;Dividende;SMICHA;UBSETF SMI CHF DIS;CH0017142719;1.0;40.00;14.00;0.00;26.00;CHF;26.00;15'574.04;CHF
12-04-2018 09:00:33;57669950;Verkauf;UHR;SWATCH GROUP I;CH0012255151;35.0;441.40;94.60;0.00;15'354.40;CHF;15'354.40;15'548.04;CHF
02-04-2018 09:41:40;00000000;Depotgebühren;;;;1.0;27.83;2.14;0.00;-29.97;CHF;-29.97;193.64;CHF
19-03-2018 09:42:50;00000000;Dividende;SMICHA;UBSETF SMI CHF DIS;CH0017142719;1.0;45.60;15.96;0.00;29.64;CHF;29.64;223.61;CHF
06-03-2018 10:12:55;00000000;Dividende;SMICHA;UBSETF SMI CHF DIS;CH0017142719;1.0;44.00;15.40;0.00;28.60;CHF;28.60;193.97;CHF
06-02-2018 17:39:31;00000000;Auszahlung;;;;1.0;107.70;0.00;0.00;-107.70;CHF;-107.70;165.37;CHF
30-12-2017 14:10:00;00000000;Zins;;;;1.0;0.24;0.00;0.00;0.24;USD;0.24;158.30;USD
29-12-2017 16:56:19;00000000;Capital Gain;PRNT;3D PRINTING ETF;US00214Q5009;1.0;28.49;0.00;0.00;28.49;USD;28.49;158.06;USD
29-12-2017 16:56:16;00000000;Capital Gain;PRNT;3D PRINTING ETF;US00214Q5009;1.0;129.57;0.00;0.00;129.57;USD;129.57;129.57;USD
29-12-2017 15:11:55;00000000;Depotgebühren;;;;1.0;27.10;2.17;0.00;-29.27;CHF;-29.27;273.07;CHF
29-09-2017 14:37:18;00000000;Depotgebühren;;;;1.0;25.27;2.02;0.00;-27.29;CHF;-27.29;302.34;CHF
11-09-2017 10:58:21;00000000;Capital Gain;SMICHA;UBSETF SMI CHF DIS;CH0017142719;1.0;30.40;0.00;0.00;30.40;CHF;30.40;329.63;CHF
06-09-2017 17:44:14;00000000;Dividende;SMICHA;UBSETF SMI CHF DIS;CH0017142719;1.0;44.80;15.68;0.00;29.12;CHF;29.12;299.23;CHF
31-07-2017 09:01:09;53266472;Kauf;SMICHA;UBSETF SMI CHF DIS;CH0017142719;80.0;92.53;18.00;0.00;-7'420.40;CHF;-7'420.40;270.11;CHF
30-06-2017 15:48:46;00000000;Depotgebühren;;;;1.0;24.20;1.94;0.00;-26.14;CHF;-26.14;7'690.51;CHF
26-05-2017 22:15:56;52377444;Fx-Belastung Comp.;;;;1.0;1'613.07;0.00;0.00;-1'613.07;CHF;-1'613.07;7'716.65;CHF
26-05-2017 22:15:56;52377444;Fx-Gutschrift Comp.;;;;1.0;1'639.15;0.00;0.00;1'639.15;USD;1'639.15;0.00;USD
26-05-2017 19:57:50;52376451;Kauf;PRNT;3D PRINTING ETF;US00214Q5009;300.0;25.96;46.68;0.00;-7'834.68;USD;-7'834.68;-1'639.15;USD
26-05-2017 18:01:03;00000000;Dividende;UHR;SWATCH GROUP I;CH0012255151;1.0;236.25;82.69;0.00;153.56;CHF;153.56;9'329.72;CHF
18-05-2017 11:11:44;00000000;Rückzahlung;SYNNE;SYNGENTA N  2. Linie;CH0316124541;-12.0;465.00;0.00;0.00;-;CHF;-;0.00;CHF
18-05-2017 11:11:44;00000000;Rückzahlung;SYNNE;SYNGENTA N  2. Linie;CH0316124541;1.0;5'580.00;0.00;0.00;5'580.00;USD;5'580.00;6'195.53;USD
12-05-2017 13:58:14;00000000;Dividende;SYNNE;SYNGENTA N  2. Linie;CH0316124541;1.0;60.00;21.00;0.00;39.00;CHF;39.00;9'176.16;CHF
08-05-2017 15:40:49;00000000;Capital Gain;LHN;LAFARGEHOLCIM N;CH0012214059;1.0;200.00;0.00;0.00;200.00;CHF;200.00;9'137.16;CHF
04-05-2017 10:58:54;00000000;Titelumbuchung;SYNNE;SYNGENTA N  2. Linie;CH0316124541;12.0;0;0.00;0.00;-;CHF;-;0.00;CHF
04-05-2017 10:58:54;00000000;Titelumbuchung;SYNN;SYNGENTA N;CH0011037469;-12.0;0;0.00;0.00;-;CHF;-;0.00;CHF
24-04-2017 09:00:51;51882337;Verkauf;BAER;JULIUS BAER N;CH0102484968;150.0;50.05;43.05;0.00;7'464.45;CHF;7'464.45;8'937.16;CHF
18-04-2017 15:14:04;00000000;Capital Gain;BAER;JULIUS BAER N;CH0102484968;1.0;180.00;0.00;0.00;180.00;CHF;180.00;1'472.71;CHF
10-04-2017 14:48:44;00000000;Dividende;NESN;NESTLE N;CH0038863350;1.0;345.00;120.75;0.00;224.25;CHF;224.25;1'292.71;CHF
31-03-2017 12:44:39;00000000;Depotgebühren;;;;1.0;24.65;1.97;0.00;-26.62;CHF;-26.62;1'068.46;CHF
03-03-2017 11:39:01;00000000;Auszahlung;;;;1.0;108.00;0.00;0.00;-108.00;CHF;-108.00;1'095.08;CHF
31-12-2016 13:35:42;00000000;Zins;;;;1.0;0.02;0.00;0.00;-0.02;CHF;-0.02;1'203.08;CHF
31-12-2016 13:16:05;00000000;Zins;;;;1.0;0.35;0.00;0.00;0.35;USD;0.35;615.53;USD
30-12-2016 14:49:03;00000000;Depotgebühren;;;;1.0;24.21;1.94;0.00;-26.15;CHF;-26.15;1'203.10;CHF
13-12-2016 15:18:36;50163131;Verkauf;MBTN1;MEYER BURGER ANR;CH0342833164;7000.0;0.1800305;30.95;0.00;1'229.25;CHF;1'229.25;1'229.25;CHF
06-12-2016 18:49:29;00000000;Titeleingang;MBTN1;MEYER BURGER ANR;CH0342833164;7000.0;0;0.00;0.00;-;CHF;-;0.00;CHF
30-09-2016 22:18:43;49209807;Fx-Belastung Comp.;;;;1.0;26.99;0.00;0.00;-26.99;USD;-26.99;615.18;USD
30-09-2016 22:18:43;49209807;Fx-Gutschrift Comp.;;;;1.0;25.95;0.00;0.00;25.95;CHF;25.95;0.00;CHF
30-09-2016 14:45:33;00000000;Depotgebühren;;;;1.0;24.06;1.92;0.00;-25.98;CHF;-25.98;-25.95;CHF
29-08-2016 22:16:23;48828855;Fx-Belastung Comp.;;;;1.0;6'263.27;0.00;0.00;-6'263.27;USD;-6'263.27;642.17;USD
29-08-2016 22:16:23;48828855;Fx-Gutschrift Comp.;;;;1.0;6'068.85;0.00;0.00;6'068.85;CHF;6'068.85;0.03;CHF
29-08-2016 09:02:17;48816588;Kauf;BAER;JULIUS BAER N;CH0102484968;150.0;40.18;41.85;0.00;-6'068.85;CHF;-6'068.85;-6'068.82;CHF
11-08-2016 15:30:05;48633559;Verkauf;ABB;ABB ADR REP 1 ORD;US0003752047;107.0;22.01;1.81;0.00;2'353.26;USD;2'353.26;6'905.44;USD
11-08-2016 15:30:05;48633559;Verkauf;ABB;ABB ADR REP 1 ORD;US0003752047;90.0;22.01;1.53;0.00;1'979.37;USD;1'979.37;4'552.18;USD
11-08-2016 15:30:05;48633559;Verkauf;ABB;ABB ADR REP 1 ORD;US0003752047;20.0;22.01;10.34;0.00;429.86;USD;429.86;2'572.81;USD
11-08-2016 15:30:05;48633559;Verkauf;ABB;ABB ADR REP 1 ORD;US0003752047;83.0;22.01;27.26;0.00;1'799.57;USD;1'799.57;2'142.95;USD
27-07-2016 11:58:39;00000000;Capital Gain;ABB;ABB ADR REP 1 ORD;US0003752047;1.0;225.17;6.48;0.00;218.69;USD;218.69;343.38;USD
11-07-2016 22:15:51;48320343;Fx-Belastung Comp.;;;;1.0;341.06;0.00;0.00;-341.06;USD;-341.06;124.69;USD
11-07-2016 22:15:51;48320343;Fx-Gutschrift Comp.;;;;1.0;332.00;0.00;0.00;332.00;CHF;332.00;0.03;CHF
11-07-2016 14:49:24;48313029;Kauf;MBTN;MEYER BURGER N;CH0108503795;117.0;3.80;0.35;0.00;-444.95;CHF;-444.95;-331.97;CHF
11-07-2016 14:49:24;48313029;Kauf;MBTN;MEYER BURGER N;CH0108503795;1283.0;3.80;41.00;0.00;-4'916.40;CHF;-4'916.40;112.98;CHF
11-07-2016 14:45:55;48312770;Verkauf;EMSN;EMS-CHEMIE N;CH0016440353;10.0;507.00;40.65;0.00;5'029.35;CHF;5'029.35;5'029.38;CHF
06-07-2016 08:53:19;00000000;Wertlose Ausbuchung;PRECIOUSW.RIGHT;PRECIOUS WOODS HOLDING ANRECHT 20 1 6-28.6.16;CH0328492829;-210.0;0;0.00;0.00;-;CHF;-;0.00;CHF
30-06-2016 22:17:09;48179162;Fx-Belastung Comp.;;;;1.0;26.44;0.00;0.00;-26.44;USD;-26.44;465.75;USD
30-06-2016 22:17:09;48179162;Fx-Gutschrift Comp.;;;;1.0;25.55;0.00;0.00;25.55;CHF;25.55;0.03;CHF
30-06-2016 12:02:35;00000000;Depotgebühren;;;;1.0;23.65;1.89;0.00;-25.54;CHF;-25.54;-25.52;CHF
21-06-2016 22:16:23;48017389;Fx-Belastung Comp.;;;;1.0;2'090.64;0.00;0.00;-2'090.64;USD;-2'090.64;492.19;USD
21-06-2016 22:16:23;48017389;Fx-Gutschrift Comp.;;;;1.0;1'992.25;0.00;0.00;1'992.25;CHF;1'992.25;0.02;CHF
21-06-2016 09:01:10;48006920;Kauf;SYNN;SYNGENTA N;CH0011037469;12.0;382.00;40.80;0.00;-4'624.80;CHF;-4'624.80;-1'992.23;CHF
20-06-2016 09:05:21;00000000;Ausgabe von Anrechten;PRECIOUSW.RIGHT;PRECIOUS WOODS HOLDING ANRECHT 20 1 6-28.6.16;CH0328492829;210.0;0;0.00;0.00;-;CHF;-;0.00;CHF
08-06-2016 09:00:24;47833615;Kauf;UHR;SWATCH GROUP I;CH0012255151;15.0;304.90;40.80;0.00;-4'614.30;CHF;-4'614.30;2'632.57;CHF
06-06-2016 09:58:03;47807379;Verkauf;ROL;VON ROLL I;CH0003245351;7500.0;0.63;40.40;0.00;4'684.60;CHF;4'684.60;7'246.87;CHF
06-06-2016 09:01:13;47807383;Verkauf;ZUBN;ZUEBLIN IMM N;CH0312309682;6.0;18.50;11.45;0.00;99.55;CHF;99.55;2'562.27;CHF
06-06-2016 09:00:12;47807361;Verkauf;IBZL;iSh MSCI Brazil USD Dis;IE00B0M63516;120.0;21.44;15.76;0.00;2'557.04;USD;2'557.04;2'582.83;USD
17-05-2016 19:22:49;00000000;Capital Gain;LHN;LAFARGEHOLCIM N;CH0012214059;1.0;150.00;0.00;0.00;150.00;CHF;150.00;2'462.72;CHF
13-05-2016 17:39:31;00000000;Dividende;UHR;SWATCH GROUP I;CH0012255151;1.0;150.00;52.50;0.00;97.50;CHF;97.50;2'312.72;CHF
14-04-2016 08:53:52;00000000;Wertlose Ausbuchung;VONR ANR 6.4.16;VON ROLL HLDG - ANRECHT  2016-6.4.1 6;CH0319579220;-7500.0;0;0.00;0.00;-;CHF;-;0.00;CHF
11-04-2016 11:11:34;00000000;Dividende;NESN;NESTLE N;CH0038863350;1.0;337.50;118.13;0.00;219.37;CHF;219.37;2'215.22;CHF
31-03-2016 15:38:43;00000000;Depotgebühren;;;;1.0;20.26;1.62;0.00;-21.88;CHF;-21.88;1'995.85;CHF
29-03-2016 18:46:23;00000000;Dividende;IBZL;iSh MSCI Brazil USD Dis;IE00B0M63516;1.0;25.79;0.00;0.00;25.79;USD;25.79;25.79;USD
23-03-2016 10:06:58;00000000;Ausgabe von Anrechten;VONR ANR 6.4.16;VON ROLL HLDG - ANRECHT  2016-6.4.1 6;CH0319579220;7500.0;0;0.00;0.00;-;CHF;-;0.00;CHF
14-03-2016 16:40:58;00000000;Auszahlung;;;;1.0;108.00;0.00;0.00;-108.00;CHF;-108.00;2'017.73;CHF
04-03-2016 10:42:44;00000000;Reverse Split;ZUBN;ZUEBLIN IMM N;CH0312309682;6.0;0;0.00;0.00;-;CHF;-;0.00;CHF
04-03-2016 10:42:44;00000000;Reverse Split;ZUBN0;ZUEBLIN IMM N0;CH0021831182;-2500.0;0;0.00;0.00;-;CHF;-;0.00;CHF
04-03-2016 10:38:21;00000000;Storno (Corporate Action);ZUBN;ZUEBLIN IMM N;CH0312309682;6.0;0;0.00;0.00;-;CHF;-;0.00;CHF
04-03-2016 10:38:21;00000000;Storno (Corporate Action);ZUBN0;ZUEBLIN IMM N0;CH0021831182;-2500.0;0;0.00;0.00;-;CHF;-;0.00;CHF
04-03-2016 08:39:51;00000000;Reverse Split;ZUBN;ZUEBLIN IMM N;CH0312309682;6.0;0;0.00;0.00;-;CHF;-;0.00;CHF
04-03-2016 08:39:50;00000000;Reverse Split;ZUBN0;ZUEBLIN IMM N0;CH0021831182;-2500.0;0;0.00;0.00;-;CHF;-;0.00;CHF
03-03-2016 05:16:00;00000000;Corporate Action;ZUBN;ZUEBLIN IMM N0;CH0021831182;-2500.0;0;0.00;0.00;-;;-;0.00;
03-03-2016 05:16:00;00000000;Corporate Action;ZUBN0;ZUEBLIN IMM N0;CH0021831182;2500.0;0;0.00;0.00;-;;-;0.00;
15-02-2016 22:15:24;46368979;Fx-Belastung Comp.;;;;1.0;6'037.18;0.00;0.00;-6'037.18;CHF;-6'037.18;2'125.73;CHF
15-02-2016 22:15:24;46368979;Fx-Gutschrift Comp.;;;;1.0;5'431.24;0.00;0.00;5'431.24;EUR;5'431.24;0.00;EUR
15-02-2016 09:40:46;46358640;Kauf;EMSN;EMS-CHEMIE N;CH0016440353;10.0;457.25;40.80;0.00;-4'613.30;CHF;-4'613.30;8'162.91;CHF
15-02-2016 09:39:20;46358568;Kauf;OD7F;WISDOMTREE WTI CRUDE OIL ETC;DE000A0KRJX4;1000.0;5.384;47.24;0.00;-5'431.24;EUR;-5'431.24;-5'431.24;EUR
25-01-2016 22:15:43;46107514;Fx-Belastung Comp.;;;;1.0;5'054.87;0.00;0.00;-5'054.87;CHF;-5'054.87;12'776.21;CHF
25-01-2016 22:15:43;46107514;Fx-Gutschrift Comp.;;;;1.0;4'940.26;0.00;0.00;4'940.26;USD;4'940.26;0.00;USD
25-01-2016 15:45:23;46103526;Kauf;LHN;LAFARGEHOLCIM N;CH0012214059;3.0;42.72;0.10;0.00;-128.25;CHF;-128.25;17'831.08;CHF
25-01-2016 15:45:23;46103526;Kauf;LHN;LAFARGEHOLCIM N;CH0012214059;97.0;42.71;40.45;0.00;-4'183.30;CHF;-4'183.30;17'959.33;CHF
25-01-2016 15:39:41;46103405;Kauf;ABB;ABB ADR REP 1 ORD;US0003752047;300.0;16.39;39.54;0.00;-4'956.54;USD;-4'956.54;-4'940.26;USD
22-01-2016 06:31:09;00000000;Vergütung;;;;1.0;20'000.00;0.00;0.00;20'000.00;CHF;20'000.00;22'142.63;CHF
01-01-2016 13:10:07;00000000;Zins;;;;1.0;0.18;0.00;0.00;0.18;USD;0.18;16.28;USD
01-01-2016 13:10:07;00000000;Zins;;;;1.0;0.05;0.00;0.00;-0.05;CHF;-0.05;2'142.63;CHF
31-12-2015 11:43:21;00000000;Depotgebühren;;;;1.0;21.99;1.76;0.00;-23.75;CHF;-23.75;2'142.68;CHF
30-12-2015 17:33:03;00000000;Dividende;IBZL;iSh MSCI Brazil USD Dis;IE00B0M63516;1.0;16.10;0.00;0.00;16.10;USD;16.10;16.10;USD
23-12-2015 08:57:25;00000000;Wertlose Ausbuchung;OR ANRECHT;ORASCOM DEVL - ANRECHT  2015-14.12. 15;CH0304060533;-100.0;0;0.00;0.00;-;CHF;-;0.00;CHF
07-12-2015 17:47:52;00000000;Ausgabe von Anrechten;OR ANRECHT;ORASCOM DEVL - ANRECHT  2015-14.12. 15;CH0304060533;100.0;0;0.00;0.00;-;CHF;-;0.00;CHF
30-11-2015 07:32:16;00000000;Auszahlung;;;;1.0;14'000.00;2.00;0.00;-14'002.00;CHF;-14'002.00;2'166.43;CHF
26-11-2015 09:46:50;45424131;Forex-Belastung;;;;1.0;5'301.27;0.00;0.00;-5'301.27;EUR;-5'301.27;0.00;EUR
26-11-2015 09:46:50;45424131;Forex-Gutschrift;;;;1.0;5'699.55;0.00;0.00;5'699.55;CHF;5'699.55;16'168.43;CHF
26-11-2015 09:46:06;45424115;Forex-Belastung;;;;1.0;5'639.03;0.00;0.00;-5'639.03;USD;-5'639.03;0.00;USD
26-11-2015 09:46:06;45424115;Forex-Gutschrift;;;;1.0;5'714.55;0.00;0.00;5'714.55;CHF;5'714.55;10'468.88;CHF
24-11-2015 14:52:48;45402028;Verkauf;ZUBN1;ZUEBLIN IMM ANR;CH0284133938;2500.0;0.02;9.85;0.00;40.15;CHF;40.15;4'754.33;CHF
20-11-2015 09:02:05;45357178;Verkauf;CANCDA;UBSETF MSCI CANADA CAD DIS;LU0446734872;170.0;34.75;47.58;0.00;5'859.91;CAD;4'409.35;4'714.18;CHF
19-11-2015 15:16:17;45357143;Verkauf;FXC;iSh China LrgCap USD Dis;IE00B02KXK85;50.0;106.50;20.11;0.00;5'304.89;USD;5'304.89;5'639.03;USD
12-11-2015 17:53:11;00000000;Ausgabe von Anrechten;ZUBN1;ZUEBLIN IMM ANR;CH0284133938;2500.0;0;0.00;0.00;-;CHF;-;0.00;CHF
06-11-2015 10:35:47;45230023;Verkauf;Y9V3;VITRUVIUS SWISS EQUITY B EUR O;LU0129839998;50.0;107.01;49.23;0.00;5'301.27;EUR;5'301.27;5'301.27;EUR
30-09-2015 14:58:55;00000000;Depotgebühren;;;;1.0;24.73;1.98;0.00;-26.71;CHF;-26.71;304.83;CHF
17-09-2015 11:33:05;00000000;Dividende;FXC;iSh China LrgCap USD Dis;IE00B02KXK85;1.0;124.96;0.00;0.00;124.96;USD;124.96;334.14;USD
17-09-2015 11:03:27;00000000;Dividende;IBZL;iSh MSCI Brazil USD Dis;IE00B0M63516;1.0;6.72;0.00;0.00;6.72;USD;6.72;209.18;USD
04-08-2015 12:31:14;00000000;Dividende;CANCDA;UBSETF MSCI CANADA CAD DIS;LU0446734872;1.0;48.47;0.00;0.00;48.47;CHF;48.47;331.54;CHF
30-06-2015 16:38:20;00000000;Depotgebühren;;;;1.0;26.81;2.14;0.00;-28.95;CHF;-28.95;283.07;CHF
18-06-2015 16:09:12;00000000;Dividende;IBZL;iSh MSCI Brazil USD Dis;IE00B0M63516;1.0;38.15;0.00;0.00;38.15;USD;38.15;202.46;USD
01-06-2015 15:26:35;00000000;Dividende;UHR;SWATCH GROUP I;CH0012255151;1.0;150.00;52.50;0.00;97.50;CHF;97.50;312.02;CHF
20-04-2015 17:31:42;00000000;Dividende;NESN;NESTLE N;CH0038863350;1.0;330.00;115.50;0.00;214.50;CHF;214.50;214.52;CHF
31-03-2015 22:16:57;42713917;Fx-Belastung Comp.;;;;1.0;30.00;0.00;0.00;-30.00;USD;-30.00;164.31;USD
31-03-2015 22:16:57;42713917;Fx-Gutschrift Comp.;;;;1.0;28.85;0.00;0.00;28.85;CHF;28.85;0.02;CHF
31-03-2015 17:37:37;00000000;Depotgebühren;;;;1.0;26.71;2.14;0.00;-28.85;CHF;-28.85;-28.83;CHF
19-03-2015 12:01:11;00000000;Dividende;IBZL;iSh MSCI Brazil USD Dis;IE00B0M63516;1.0;12.55;0.00;0.00;12.55;USD;12.55;194.31;USD
12-03-2015 22:15:58;42462915;Fx-Belastung Comp.;;;;1.0;61.72;0.00;0.00;-61.72;USD;-61.72;181.76;USD
12-03-2015 22:15:58;42462915;Fx-Gutschrift Comp.;;;;1.0;61.25;0.00;0.00;61.25;CHF;61.25;0.02;CHF
12-03-2015 15:47:38;00000000;Auszahlung;;;;1.0;108.00;0.00;0.00;-108.00;CHF;-108.00;-61.23;CHF
02-03-2015 14:24:48;00000000;Dividende;NVDA;NVIDIA ORD;US67066G1040;1.0;9.35;2.80;0.00;6.55;USD;6.55;243.48;USD
02-03-2015 14:22:26;00000000;Capital Gain;NVDA;NVIDIA ORD;US67066G1040;1.0;9.35;0.00;0.00;9.35;USD;9.35;236.93;USD
02-03-2015 14:20:05;00000000;Capital Gain;NVDA;NVIDIA ORD;US67066G1040;1.0;9.35;0.00;0.00;9.35;USD;9.35;227.58;USD
02-03-2015 14:14:27;00000000;Dividende;NVDA;NVIDIA ORD;US67066G1040;1.0;9.35;2.80;0.00;6.55;USD;6.55;218.23;USD
02-03-2015 09:23:02;00000000;Storno (Dividende);NVDA;NVIDIA ORD;US67066G1040;1.0;18.70;5.62;0.00;-13.08;USD;-13.08;211.68;USD
02-03-2015 09:17:07;00000000;Storno (Dividende);NVDA;NVIDIA ORD;US67066G1040;1.0;18.70;5.62;0.00;-13.08;USD;-13.08;224.76;USD
27-02-2015 06:00:46;00000000;Zins;;;;1.0;0.01;0.00;0.00;0.01;USD;0.01;237.84;USD
26-02-2015 13:59:15;00000000;Dividende;NVDA;NVIDIA ORD;US67066G1040;1.0;9.35;2.80;0.00;6.55;USD;6.55;237.83;USD
26-02-2015 13:56:29;00000000;Capital Gain;NVDA;NVIDIA ORD;US67066G1040;1.0;9.35;0.00;0.00;9.35;USD;9.35;231.28;USD
26-02-2015 10:40:14;00000000;Storno (Dividende);NVDA;NVIDIA ORD;US67066G1040;1.0;18.70;5.62;0.00;-13.08;USD;-13.08;221.93;USD
04-02-2015 08:33:35;00000000;Dividende;CANCDA;UBSETF MSCI CANADA CAD DIS;LU0446734872;1.0;46.74;0.00;0.00;46.74;CHF;46.74;46.77;CHF
28-01-2015 22:15:44;41936790;Fx-Belastung Comp.;;;;1.0;733.51;0.00;0.00;-733.51;USD;-733.51;235.01;USD
28-01-2015 22:15:44;41936790;Fx-Gutschrift Comp.;;;;1.0;644.19;0.00;0.00;644.19;EUR;644.19;0.00;EUR
28-01-2015 22:15:43;41936763;Fx-Belastung Comp.;;;;1.0;5'386.60;0.00;0.00;-5'386.60;CHF;-5'386.60;0.03;CHF
28-01-2015 22:15:43;41936763;Fx-Gutschrift Comp.;;;;1.0;5'214.50;0.00;0.00;5'214.50;EUR;5'214.50;-644.19;EUR
28-01-2015 11:20:45;41927051;Berichtigung Börsengeb.;OD7F;WISDOMTREE WTI CRUDE OIL ETC;DE000A0KRJX4;1.0;-0.01;0.00;0.00;-0.01;EUR;-0.01;-5'858.69;EUR
28-01-2015 11:20:43;41927051;Kauf;OD7F;WISDOMTREE WTI CRUDE OIL ETC;DE000A0KRJX4;550.0;10.56;51.41;0.00;-5'859.41;EUR;-5'859.41;-5'858.68;EUR
28-01-2015 11:17:06;41926983;Verkauf;ZGLD;ZKB GOLD ETF;CH0139101593;15.0;360.04;16.20;0.00;5'384.40;CHF;5'384.40;5'386.63;CHF
01-01-2015 14:39:48;00000000;Zins;;;;1.0;1.47;0.00;0.00;1.47;USD;1.47;968.52;USD
01-01-2015 14:39:48;00000000;Zins;;;;1.0;0.73;0.00;0.00;0.73;EUR;0.73;0.73;EUR
01-01-2015 14:39:48;00000000;Zins;;;;1.0;2.20;0.00;0.00;2.20;CHF;2.20;2.23;CHF
31-12-2014 22:16:54;41490230;Fx-Belastung Comp.;;;;1.0;29.67;0.00;0.00;-29.67;USD;-29.67;967.05;USD
31-12-2014 22:16:54;41490230;Fx-Gutschrift Comp.;;;;1.0;29.20;0.00;0.00;29.20;CHF;29.20;0.03;CHF
31-12-2014 12:18:08;00000000;Depotgebühren;;;;1.0;27.05;2.16;0.00;-29.21;CHF;-29.21;-29.17;CHF
23-12-2014 22:15:50;41417534;Fx-Belastung Comp.;;;;1.0;1'501.31;0.00;0.00;-1'501.31;USD;-1'501.31;996.72;USD
23-12-2014 22:15:50;41417534;Fx-Gutschrift Comp.;;;;1.0;1'468.30;0.00;0.00;1'468.30;CHF;1'468.30;0.04;CHF
23-12-2014 22:15:50;41417528;Fx-Belastung Comp.;;;;1.0;4'506.72;0.00;0.00;-4'506.72;EUR;-4'506.72;0.00;EUR
23-12-2014 22:15:50;41417528;Fx-Gutschrift Comp.;;;;1.0;5'374.15;0.00;0.00;5'374.15;CHF;5'374.15;-1'468.26;CHF
23-12-2014 15:00:01;41407575;Kauf;ROL;VON ROLL I;CH0003245351;78.0;1.36;0.10;0.00;-106.20;CHF;-106.20;-6'842.41;CHF
23-12-2014 14:59:45;41407575;Kauf;ROL;VON ROLL I;CH0003245351;277.0;1.36;0.25;0.00;-376.95;CHF;-376.95;-6'736.21;CHF
23-12-2014 14:39:05;41407575;Kauf;ROL;VON ROLL I;CH0003245351;2000.0;1.36;2.05;0.00;-2'722.05;CHF;-2'722.05;-6'359.26;CHF
23-12-2014 14:15:36;41407575;Kauf;ROL;VON ROLL I;CH0003245351;845.0;1.36;0.85;0.00;-1'150.05;CHF;-1'150.05;-3'637.21;CHF
23-12-2014 14:15:36;41407575;Kauf;ROL;VON ROLL I;CH0003245351;1800.0;1.36;39.20;0.00;-2'487.20;CHF;-2'487.20;-2'487.16;CHF
23-12-2014 13:00:13;41406674;Verkauf;ARRB;ARCELORMITTAL ORD;LU0323134006;500.0;9.10;43.28;0.00;4'506.72;EUR;4'506.72;4'506.72;EUR
22-12-2014 22:16:42;41401073;Fx-Belastung Comp.;;;;1.0;1'901.82;0.00;0.00;-1'901.82;USD;-1'901.82;2'498.03;USD
22-12-2014 22:16:42;41401073;Fx-Gutschrift Comp.;;;;1.0;1'543.03;0.00;0.00;1'543.03;EUR;1'543.03;0.00;EUR
22-12-2014 22:16:41;41401052;Fx-Belastung Comp.;;;;1.0;10'248.85;0.00;0.00;-10'248.85;CHF;-10'248.85;0.04;CHF
22-12-2014 22:16:41;41401052;Fx-Gutschrift Comp.;;;;1.0;8'446.74;0.00;0.00;8'446.74;EUR;8'446.74;-1'543.03;EUR
22-12-2014 10:38:46;41389502;Kauf;OD7F;WISDOMTREE WTI CRUDE OIL ETC;DE000A0KRJX4;800.0;12.50;51.45;0.00;-10'051.45;EUR;-10'051.45;-9'989.77;EUR
22-12-2014 10:05:28;41387542;Verkauf;OERL;OC OERLIKON N;CH0000816824;601.0;12.05;20.45;0.00;7'221.60;CHF;7'221.60;10'248.89;CHF
22-12-2014 10:04:25;41387542;Verkauf;OERL;OC OERLIKON N;CH0000816824;183.0;12.05;16.65;0.00;2'188.50;CHF;2'188.50;3'027.29;CHF
22-12-2014 10:04:25;41387542;Verkauf;OERL;OC OERLIKON N;CH0000816824;66.0;12.05;22.45;0.00;772.85;CHF;772.85;838.79;CHF
18-12-2014 15:50:14;00000000;Dividende;FXC;iSh China LrgCap USD Dis;IE00B02KXK85;1.0;11.36;0.00;0.00;11.36;USD;11.36;4'399.85;USD
18-12-2014 15:43:47;00000000;Dividende;IBZL;iSh MSCI Brazil USD Dis;IE00B0M63516;1.0;31.04;0.00;0.00;31.04;USD;31.04;4'388.49;USD
19-11-2014 09:00:50;40977353;Kauf;ZGLD;ZKB GOLD ETF;CH0139101593;15.0;356.41;16.15;0.00;-5'362.30;CHF;-5'362.30;65.94;CHF
18-11-2014 17:38:02;40952012;Verkauf;NVDA;NVIDIA ORD;US67066G1040;220.0;20.00;42.55;0.00;4'357.45;USD;4'357.45;4'357.45;USD
01-10-2014 14:02:05;40404109;Fx-Belastung Comp.;;;;1.0;2'559.00;0.00;0.00;-2'559.00;CHF;-2'559.00;5'428.24;CHF
01-10-2014 14:02:05;40404109;Fx-Gutschrift Comp.;;;;1.0;2'642.40;0.00;0.00;2'642.40;USD;2'642.40;0.00;USD
30-09-2014 18:46:53;00000000;Depotgebühren;;;;1.0;24.84;1.99;0.00;-26.83;CHF;-26.83;7'987.24;CHF
30-09-2014 16:14:08;40006445;Kauf;CS-responsAbili;rA Global Microfinance B;LU0180189770;75.0;147.09;25.55;0.00;-11'057.30;USD;-11'057.30;-2'642.40;USD
15-09-2014 11:38:04;00000000;Dividende (Storniert);NVDA;NVIDIA ORD;US67066G1040;1.0;18.70;5.62;0.00;13.08;USD;13.08;8'414.90;USD
11-09-2014 16:07:26;00000000;Dividende;IBZL;iSh MSCI Brazil USD Dis;IE00B0M63516;1.0;19.58;0.00;0.00;19.58;USD;19.58;8'401.82;USD
10-09-2014 12:48:51;00000000;Dividende;FXC;iSh China LrgCap USD Dis;IE00B02KXK85;1.0;139.34;0.00;0.00;139.34;USD;139.34;8'382.24;USD
19-08-2014 05:16:30;00000000;Corporate Action;UBS-ETFMSCICAAD;UBSETF MSCI CANADA CAD DIS;LU0446734872;-170.0;0;0.00;0.00;-;;-;0.00;
19-08-2014 05:16:30;00000000;Corporate Action;CANCDA;UBSETF MSCI CANADA CAD DIS;LU0446734872;170.0;0;0.00;0.00;-;;-;0.00;
14-08-2014 11:17:09;00000000;Dividende;UBS-ETFMSCICAAD;UBSETF MSCI CANADA CAD DIS;LU0446734872;1.0;56.89;0.00;0.00;56.89;CHF;56.89;8'014.07;CHF
07-08-2014 11:55:12;39774936;Verkauf;NOBN;NOBEL BIOCARE N;CH0037851646;500.0;16.00;42.85;0.00;7'957.15;CHF;7'957.15;7'957.18;CHF
06-08-2014 14:00:57;39821731;Fx-Belastung Comp.;;;;1.0;11'174.88;0.00;0.00;-11'174.88;USD;-11'174.88;8'242.90;USD
06-08-2014 14:00:57;39821731;Fx-Gutschrift Comp.;;;;1.0;10'065.10;0.00;0.00;10'065.10;CHF;10'065.10;0.03;CHF
05-08-2014 14:01:14;39806786;Fx-Belastung Comp.;;;;1.0;633.18;0.00;0.00;-633.18;USD;-633.18;19'417.78;USD
05-08-2014 14:01:14;39806786;Fx-Gutschrift Comp.;;;;1.0;569.45;0.00;0.00;569.45;CHF;569.45;-10'065.07;CHF
05-08-2014 09:01:04;39796863;Kauf;NESN;NESTLE N;CH0038863350;150.0;66.70;60.10;0.00;-10'065.10;CHF;-10'065.10;-10'634.52;CHF
04-08-2014 09:02:00;39781247;Kauf;UHR;SWATCH GROUP I;CH0012255151;20.0;485.00;44.90;0.00;-9'744.90;CHF;-9'744.90;-569.42;CHF
30-07-2014 11:13:37;39714927;Verkauf;CSAU;ISHARES MSCI Australia UCITS;IE00B5V70487;70.0;162.00;30.21;0.00;11'309.79;USD;11'309.79;20'050.96;USD
29-07-2014 18:35:32;39714928;Verkauf;TGT;TARGET ORD;US87612E1064;140.0;61.00;48.85;0.00;8'491.15;USD;8'491.15;8'741.17;USD
28-07-2014 09:00:18;39714884;Verkauf;BG.;BG GROUP ORD;GB0008762899;450.0;12.02;43.98;0.00;5'365.01;GBP;8'160.10;9'175.48;CHF
16-07-2014 14:42:44;00000000;Dividende;ARRB;ARCELORMITTAL ORD;LU0323134006;1.0;72.56;10.88;0.00;61.68;EUR;61.68;61.68;EUR
30-06-2014 18:35:57;00000000;Depotgebühren;;;;1.0;29.22;0.00;0.00;-29.22;CHF;-29.22;1'015.38;CHF
20-06-2014 09:01:09;00000000;Wertlose Ausbuchung;VONROL ANR;VON ROLL HLDG - ANRECHT FUER WAND. 2014-11.06.2014;CH0245239097;-2500.0;0;0.00;0.00;-;;-;0.00;
13-06-2014 14:56:56;00000000;Dividende (Storniert);NVDA;NVIDIA ORD;US67066G1040;1.0;18.70;5.62;0.00;13.08;USD;13.08;250.02;USD
11-06-2014 14:53:01;00000000;Dividende;IBZL;iSh MSCI Brazil USD Dis;IE00B0M63516;1.0;129.94;0.00;0.00;129.94;USD;129.94;236.94;USD
11-06-2014 07:18:21;00000000;Dividende;TGT;TARGET ORD;US87612E1064;1.0;60.20;18.06;0.00;42.14;USD;42.14;107.00;USD
03-06-2014 15:25:56;00000000;Dividende;BG.;BG GROUP ORD;GB0008762899;1.0;64.08;0.00;0.00;64.08;CHF;64.08;1'044.60;CHF
02-06-2014 08:24:06;00000000;Ausgabe von Anrechten;VONROL ANR;VON ROLL HLDG - ANRECHT FUER WAND. 2014-11.06.2014;CH0245239097;2500.0;0;0.00;0.00;-;;-;0.00;
25-04-2014 11:58:06;00000000;Capital Gain;OERL;OC OERLIKON N;CH0000816824;1.0;229.50;0.00;0.00;229.50;CHF;229.50;980.52;CHF
02-04-2014 13:55:17;00000000;Capital Gain;NOBN;NOBEL BIOCARE N;CH0037851646;1.0;100.00;0.00;0.00;100.00;CHF;100.00;751.02;CHF
31-03-2014 18:46:25;00000000;Depotgebühren;;;;1.0;27.59;0.00;0.00;-27.59;CHF;-27.59;651.02;CHF
20-03-2014 14:25:09;00000000;Dividende (Storniert);NVDA;NVIDIA ORD;US67066G1040;1.0;18.70;5.62;0.00;13.08;USD;13.08;64.86;USD
19-03-2014 12:59:44;00000000;Dividende;IBZL;iSh MSCI Brazil USD Dis;IE00B0M63516;1.0;9.64;0.00;0.00;9.64;USD;9.64;51.78;USD
14-03-2014 17:05:44;00000000;Interne Titelumbuchung;PRECIOUS WOODS;PRECIOUS WOODS HLDG - REG.SHS;CH0013283368;210.0;0;0.00;0.00;-;;-;0.00;
14-03-2014 17:05:44;00000000;Interne Titelumbuchung;PRWN;PRECIOUS WOODS N;CH0013283368;-210.0;0;0.00;0.00;-;;-;0.00;
10-03-2014 15:07:18;00000000;Dividende;TGT;TARGET ORD;US87612E1064;1.0;60.20;18.06;0.00;42.14;USD;42.14;42.14;USD
26-02-2014 13:03:46;00000000;Einzahlung;;;;1.0;0.40;0.00;0.00;0.40;CHF;0.40;678.61;CHF
06-02-2014 11:19:55;00000000;Dividende;UBS-ETFMSCICAAD;UBSETF MSCI CANADA CAD DIS;LU0446734872;1.0;48.13;0.00;0.00;48.13;CHF;48.13;678.21;CHF
22-01-2014 14:00:55;37743661;Fx-Belastung Comp.;;;;1.0;69.30;0.00;0.00;-69.30;CHF;-69.30;630.08;CHF
22-01-2014 14:00:55;37743661;Fx-Gutschrift Comp.;;;;1.0;75.42;0.00;0.00;75.42;USD;75.42;0.00;USD
22-01-2014 14:00:55;37743633;Fx-Belastung Comp.;;;;1.0;6'176.97;0.00;0.00;-6'176.97;EUR;-6'176.97;0.00;EUR
22-01-2014 14:00:55;37743633;Fx-Gutschrift Comp.;;;;1.0;8'328.16;0.00;0.00;8'328.16;USD;8'328.16;-75.42;USD
21-01-2014 15:31:39;37719419;Kauf;TGT;TARGET ORD;US87612E1064;140.0;59.68;48.38;0.00;-8'403.58;USD;-8'403.58;-8'403.58;USD
14-01-2014 14:01:01;37637631;Fx-Belastung Comp.;;;;1.0;6'778.58;0.00;0.00;-6'778.58;EUR;-6'778.58;6'176.97;EUR
14-01-2014 14:01:01;37637631;Fx-Gutschrift Comp.;;;;1.0;9'207.40;0.00;0.00;9'207.40;USD;9'207.40;0.00;USD
13-01-2014 09:02:57;37610293;Kauf;CSAU;ISHARES MSCI Australia UCITS;IE00B5V70487;70.0;143.77;28.12;0.00;-10'092.02;USD;-10'092.02;-9'207.40;USD
01-01-2014 17:20:21;00000000;Zins;;;;1.0;1.29;0.00;0.00;-1.29;EUR;-1.29;12'955.55;EUR
01-01-2014 17:20:21;00000000;Zins;;;;1.0;2.91;0.00;0.00;2.91;CHF;2.91;699.38;CHF
01-01-2014 17:20:21;00000000;Zins;;;;1.0;0.78;0.00;0.00;0.78;USD;0.78;884.62;USD
31-12-2013 17:19:21;00000000;Depotgebühren;;;;1.0;25.07;0.00;0.00;-25.07;CHF;-25.07;696.47;CHF
18-12-2013 15:22:05;00000000;Dividende;FXC;iSh China LrgCap USD Dis;IE00B02KXK85;1.0;20.33;0.00;0.00;20.33;USD;20.33;883.84;USD
17-12-2013 07:56:39;00000000;Auszahlung;;;;1.0;20'000.00;2.00;0.00;-20'002.00;CHF;-20'002.00;721.54;CHF
16-12-2013 09:09:47;37188662;Einzahlung;;;;1.0;12'956.84;0.00;0.00;12'956.84;EUR;12'956.84;12'956.84;EUR
16-12-2013 09:09:38;37188663;Einzahlung;;;;1.0;13'255.19;0.00;0.00;13'255.19;CHF;13'255.19;20'723.54;CHF
13-12-2013 12:00:48;00000000;Dividende;NVDA;NVIDIA ORD;US67066G1040;1.0;18.70;5.62;0.00;13.08;USD;13.08;863.51;USD
21-10-2013 14:00:49;36644495;Fx-Belastung Comp.;;;;1.0;12'034.00;0.00;0.00;-12'034.00;CHF;-12'034.00;7'468.35;CHF
21-10-2013 14:00:49;36644495;Fx-Gutschrift Comp.;;;;1.0;9'671.29;0.00;0.00;9'671.29;EUR;9'671.29;0.00;EUR
18-10-2013 16:14:25;36591272;Kauf;Car-Investissem;Carmignac Investissement A EUR acc;FR0010148981;10.0;971.24;23.57;0.00;-9'735.97;EUR;-9'735.97;-9'671.29;EUR
16-10-2013 09:01:24;36575688;Verkauf;CSGN;CS GROUP N;CH0012138530;568.0;28.92;53.25;0.00;16'373.30;CHF;16'373.30;19'502.35;CHF
16-10-2013 09:01:24;36575688;Verkauf;CSGN;CS GROUP N;CH0012138530;1.0;28.92;0.00;0.00;28.90;CHF;28.90;3'129.05;CHF
16-10-2013 09:01:24;36575688;Verkauf;CSGN;CS GROUP N;CH0012138530;96.0;28.92;39.45;0.00;2'736.85;CHF;2'736.85;3'100.15;CHF
30-09-2013 18:16:01;00000000;Depotgebühren;;;;1.0;24.29;0.00;0.00;-24.29;CHF;-24.29;363.30;CHF
18-09-2013 13:26:13;00000000;Dividende;FXC;iSh China LrgCap USD Dis;IE00B02KXK85;1.0;118.49;0.00;0.00;118.49;USD;118.49;850.43;USD
13-09-2013 14:20:47;00000000;Dividende;NVDA;NVIDIA ORD;US67066G1040;1.0;16.50;4.96;0.00;11.54;USD;11.54;731.94;USD
06-09-2013 15:00:20;00000000;Dividende;BG.;BG GROUP ORD;GB0008762899;1.0;55.98;0.00;0.00;55.98;CHF;55.98;387.59;CHF
06-08-2013 14:43:09;00000000;Dividende;UBS-ETFMSCICAAD;UBSETF MSCI CANADA CAD DIS;LU0446734872;1.0;55.14;0.00;0.00;55.14;CHF;55.14;331.61;CHF
18-07-2013 14:38:12;00000000;Dividende;ARRB;ARCELORMITTAL ORD;LU0323134006;1.0;76.09;11.41;0.00;64.68;EUR;64.68;64.68;EUR
28-06-2013 18:04:24;00000000;Depotgebühren;;;;1.0;24.14;0.00;0.00;-24.14;CHF;-24.14;276.47;CHF
19-06-2013 15:12:07;00000000;Dividende;IBZL;iSh MSCI Brazil USD Dis;IE00B0M63516;1.0;67.43;0.00;0.00;67.43;USD;67.43;720.40;USD
14-06-2013 12:33:22;00000000;Dividende;NVDA;NVIDIA ORD;US67066G1040;1.0;16.50;4.96;0.00;11.54;USD;11.54;652.97;USD
16-05-2013 18:36:40;00000000;Rückzahlung;CS GROUP ANR;CS GROUP ANRECHT ZU AKTIENDIVIDEND 2013-13.5.13;CH0206815448;-35.0;0.66;0.00;0.00;-;;-;0.00;
16-05-2013 18:36:40;00000000;Rückzahlung;;;;1.0;23.10;0.00;0.00;23.10;CHF;23.10;300.61;CHF
10-05-2013 18:34:54;00000000;Ausübung von Anrechten;CSGN;CS GROUP N;CH0012138530;15.0;0;0.00;0.00;-;;-;0.00;
10-05-2013 18:34:54;00000000;Ausübung von Anrechten;CS GROUP ANR;CS GROUP ANRECHT ZU AKTIENDIVIDEND 2013-13.5.13;CH0206815448;-615.0;0;0.00;0.00;-;;-;0.00;
08-05-2013 12:05:40;00000000;Capital Gain;OERL;OC OERLIKON N;CH0000816824;1.0;212.50;0.00;0.00;212.50;CHF;212.50;277.51;CHF
07-05-2013 19:41:53;00000000;Ausgabe von Anrechten;CS GROUP ANR;CS GROUP ANRECHT ZU AKTIENDIVIDEND 2013-13.5.13;CH0206815448;650.0;0;0.00;0.00;-;;-;0.00;
06-05-2013 15:42:00;00000000;Capital Gain;CSGN;CS GROUP N;CH0012138530;1.0;65.00;0.00;0.00;65.00;CHF;65.00;65.01;CHF
30-04-2013 14:00:25;34810706;Fx-Belastung Comp.;;;;1.0;254.45;0.00;0.00;-254.45;USD;-254.45;641.43;USD
30-04-2013 14:00:25;34810706;Fx-Gutschrift Comp.;;;;1.0;235.95;0.00;0.00;235.95;CHF;235.95;0.01;CHF
29-04-2013 09:00:20;34786949;Kauf;BG.;BG GROUP ORD;GB0008762899;450.0;10.645;67.00;0.00;-4'857.24;GBP;-7'158.95;-235.94;CHF
08-04-2013 13:29:49;00000000;Capital Gain;NOBN;NOBEL BIOCARE N;CH0037851646;1.0;100.00;0.00;0.00;100.00;CHF;100.00;6'923.01;CHF
29-03-2013 13:40:44;00000000;Depotgebühren;;;;1.0;23.99;0.00;0.00;-23.99;CHF;-23.99;6'823.01;CHF
26-03-2013 01:50:05;00000000;Titelausgang;PRECIOUS ANR11;PRECIOUS WOODS HLDG ANR. 2013-11.3. 13;CH0207152445;210.0;0;0.00;0.00;-;;-;0.00;
21-03-2013 13:54:40;00000000;Dividende;NVDA;NVIDIA ORD;US67066G1040;1.0;16.50;4.96;0.00;11.54;USD;11.54;895.88;USD
19-03-2013 14:00:36;34375954;Fx-Belastung Comp.;;;;1.0;7'010.25;0.00;0.00;-7'010.25;CHF;-7'010.25;6'847.00;CHF
19-03-2013 14:00:36;34375954;Fx-Gutschrift Comp.;;;;1.0;5'695.00;0.00;0.00;5'695.00;EUR;5'695.00;0.00;EUR
18-03-2013 09:04:30;34342390;Kauf;ARRB;ARCELORMITTAL ORD;LU0323134006;500.0;11.46;45.05;0.00;-5'775.05;EUR;-5'775.05;-5'695.00;EUR
18-03-2013 09:00:51;34342395;Kauf;ZUBN;ZUEBLIN IMM N0;CH0021831182;254.0;2.40;0.45;0.00;-610.05;CHF;-610.05;13'857.25;CHF
18-03-2013 09:00:51;34342395;Kauf;ZUBN;ZUEBLIN IMM N0;CH0021831182;132.0;2.40;0.25;0.00;-317.05;CHF;-317.05;14'467.30;CHF
18-03-2013 09:00:51;34342395;Kauf;ZUBN;ZUEBLIN IMM N0;CH0021831182;2114.0;2.40;41.15;0.00;-5'114.75;CHF;-5'114.75;14'784.35;CHF
18-03-2013 09:00:36;34342399;Kauf;ROL;VON ROLL I;CH0003245351;1500.0;2.01;2.25;0.00;-3'017.25;CHF;-3'017.25;19'899.10;CHF
18-03-2013 09:00:35;34342399;Kauf;ROL;VON ROLL I;CH0003245351;1000.0;2.01;38.85;0.00;-2'048.85;CHF;-2'048.85;22'916.35;CHF
13-03-2013 14:23:05;00000000;Dividende;IBZL;iSh MSCI Brazil USD Dis;IE00B0M63516;1.0;34.99;0.00;0.00;34.99;USD;34.99;884.34;USD
06-03-2013 09:01:55;34199386;Verkauf;ZGLD;ZKB GOLD ETF;CH0139101593;30.0;465.02;23.90;0.00;13'926.70;CHF;13'926.70;24'965.20;CHF
06-03-2013 09:01:19;34199374;Verkauf;OERL;OC OERLIKON N;CH0000816824;850.0;13.00;60.15;0.00;10'989.85;CHF;10'989.85;11'038.50;CHF
28-02-2013 06:01:00;00000000;Corporate Action;PRECIOUS ANR11;PRECIOUS WOODS HLDG ANR. 2013-11.3. 13;CH0207152445;210.0;0;0.00;0.00;-;;-;0.00;
28-02-2013 06:00:00;00000000;Corporate Action;;PRECIOUS WOODS HLDG ANR. 2013-11.3. 13;CH0207152445;-210.0;0;0.00;0.00;-;;-;0.00;
28-02-2013 01:59:32;00000000;Titeleingang;;PRECIOUS WOODS HLDG ANR. 2013-11.3. 13;CH0207152445;210.0;0;0.00;0.00;-;;-;0.00;
05-02-2013 13:37:09;00000000;Dividende;UBS-ETFMSCICAAD;UBSETF MSCI CANADA CAD DIS;LU0446734872;1.0;46.77;0.00;0.00;46.77;CHF;46.77;48.65;CHF
02-01-2013 01:22:45;00000000;Zins;;;;1.0;0.04;0.00;0.00;0.04;EUR;0.04;80.05;EUR
02-01-2013 01:22:45;00000000;Zins;;;;1.0;0.25;0.00;0.00;0.25;USD;0.25;849.35;USD
31-12-2012 16:31:12;00000000;Depotgebühren;;;;1.0;22.49;0.00;0.00;-22.49;CHF;-22.49;1.88;CHF
17-12-2012 13:45:12;00000000;Dividende;NVDA;NVIDIA ORD;US67066G1040;1.0;16.50;4.96;0.00;11.54;USD;11.54;849.10;USD
12-12-2012 14:56:09;00000000;Dividende;FXC;iSh China LrgCap USD Dis;IE00B02KXK85;1.0;15.95;0.00;0.00;15.95;USD;15.95;837.56;USD
12-12-2012 14:50:17;00000000;Dividende;IBZL;iSh MSCI Brazil USD Dis;IE00B0M63516;1.0;30.42;0.00;0.00;30.42;USD;30.42;821.61;USD
14-11-2012 13:41:35;00000000;Corporate Action;CAR-INVESTISSEM;Carmignac Investissement A EUR acc;FR0010148981;9.0;0;0.00;0.00;-;;-;0.00;
28-09-2012 19:24:59;00000000;Depotgebühren;;;;1.0;21.30;0.00;0.00;-21.30;CHF;-21.30;24.37;CHF
24-09-2012 07:48:05;00000000;Corporate Action;NOBN;NOBEL BIOCARE N;CH0037851646;500.0;0;0.00;0.00;-;;-;0.00;
24-09-2012 07:48:05;00000000;Corporate Action;NOBN;NOBEL BIOCARE N;CH0037851646;-500.0;0;0.00;0.00;-;;-;0.00;
23-09-2012 14:30:55;00000000;Storno (Titelausgang);NOBN;NOBEL BIOCARE N;CH0037851646;500.0;9.795;0.00;0.00;-;;-;0.00;
23-09-2012 14:27:45;00000000;Storno (Titeleingang);NOBN;NOBEL BIOCARE N;CH0037851646;500.0;9.58;0.00;0.00;-;;-;0.00;
22-09-2012 04:05:22;00000000;Titelausgang (Storniert);NOBN;NOBEL BIOCARE N;CH0037851646;500.0;9.795;0.00;0.00;-;;-;0.00;
22-09-2012 03:18:33;00000000;Titeleingang (Storniert);NOBN;NOBEL BIOCARE N;CH0037851646;500.0;9.58;0.00;0.00;-;;-;0.00;
12-09-2012 14:10:19;00000000;Dividende;IBZL;iSh MSCI Brazil USD Dis;IE00B0M63516;1.0;12.78;0.00;0.00;12.78;USD;12.78;791.19;USD
12-09-2012 13:57:06;00000000;Dividende;FXC;iSh China LrgCap USD Dis;IE00B02KXK85;1.0;117.64;0.00;0.00;117.64;USD;117.64;778.41;USD
03-08-2012 12:12:05;00000000;Dividende;UBS-ETFMSCICAAD;UBSETF MSCI CANADA CAD DIS;LU0446734872;1.0;45.62;0.00;0.00;45.62;CHF;45.62;45.67;CHF
31-07-2012 06:01:00;00000000;Corporate Action;UBS-ETFMSCICAAD;UBSETF MSCI CANADA CAD DIS;LU0446734872;170.0;0;0.00;0.00;-;;-;0.00;
31-07-2012 06:00:00;00000000;Corporate Action;PACUSA;UBSETF MSCI CANADA CAD DIS;LU0446734872;-170.0;0;0.00;0.00;-;;-;0.00;
26-07-2012 22:07:54;31999304;Verkauf;CSGN1;CS GROUP N ANR;CH0190349669;650.0;0.01;6.45;0.00;0.05;CHF;0.05;0.05;CHF
20-07-2012 15:36:28;31938237;Titeleingang;CSGN1;CS GROUP N ANR;CH0190349669;650.0;0.06;0.00;0.00;-;CHF;-;0.00;CHF
02-07-2012 14:09:24;31752906;Fx-Gutschrift Comp.;;;;1.0;21.66;0.00;0.00;21.66;CHF;21.66;0.00;CHF
02-07-2012 14:09:24;31752906;Fx-Belastung Comp.;;;;1.0;22.89;0.00;0.00;-22.89;USD;-22.89;660.77;USD
02-07-2012 13:07:49;00000000;Zins;;;;1.0;0.12;0.00;0.00;0.12;CHF;0.12;-21.66;CHF
02-07-2012 12:44:24;00000000;Zins;;;;1.0;1.38;0.00;0.00;-1.38;USD;-1.38;683.66;USD
02-07-2012 12:29:56;00000000;Zins;;;;1.0;0.04;0.00;0.00;0.04;EUR;0.04;80.01;EUR
29-06-2012 17:50:57;00000000;Depotgebühren;;;;1.0;21.78;0.00;0.00;-21.78;CHF;-21.78;-21.78;CHF
22-06-2012 14:02:15;31670106;Fx-Gutschrift Comp.;;;;1.0;11'476.60;0.00;0.00;11'476.60;CHF;11'476.60;0.00;CHF
22-06-2012 14:02:15;31670106;Fx-Belastung Comp.;;;;1.0;12'086.87;0.00;0.00;-12'086.87;USD;-12'086.87;685.04;USD
21-06-2012 09:01:36;31652893;Kauf;CSGN;CS GROUP N;CH0012138530;650.0;18.20;61.60;0.00;-11'891.60;CHF;-11'891.60;-11'476.60;CHF
20-06-2012 09:00:58;31635419;Verkauf;CSAE;ISHARES Glbl Alt. Energy UCITS;IE00B3YKW880;140.0;39.55;20.59;0.00;5'516.41;USD;5'516.41;12'771.91;USD
19-06-2012 17:37:47;31635427;Verkauf;MSFT;MICROSOFT ORD;US5949181045;110.0;30.97;5.19;0.00;3'401.51;USD;3'401.51;7'255.50;USD
19-06-2012 17:37:47;31635427;Verkauf;MSFT;MICROSOFT ORD;US5949181045;100.0;30.97;40.57;0.00;3'056.43;USD;3'056.43;3'853.99;USD
14-06-2012 17:37:28;00000000;Dividende;MSFT;MICROSOFT ORD;US5949181045;1.0;42.00;12.60;0.00;29.40;USD;29.40;797.56;USD
13-06-2012 13:42:23;00000000;Dividende;IBZL;iSh MSCI Brazil USD Dis;IE00B0M63516;1.0;67.24;0.00;0.00;67.24;USD;67.24;768.16;USD
20-04-2012 04:26:36;00000000;Capital Gain;;OC OERLIKON N;CH0000816824;1.0;340.00;0.00;0.00;340.00;CHF;340.00;415.00;CHF
06-04-2012 04:18:07;00000000;Capital Gain;;NOBEL BIOCARE N;CH0037851646;1.0;75.00;0.00;0.00;75.00;CHF;75.00;75.00;CHF
02-04-2012 14:09:40;30883720;Fx-Gutschrift Comp.;;;;1.0;21.29;0.00;0.00;21.29;CHF;21.29;0.00;CHF
02-04-2012 14:09:40;30883720;Fx-Belastung Comp.;;;;1.0;23.75;0.00;0.00;-23.75;USD;-23.75;700.92;USD
30-03-2012 18:19:48;00000000;Depotgebühren;;;;1.0;21.29;0.00;0.00;-21.29;CHF;-21.29;-21.29;CHF
26-03-2012 15:32:12;00000000;Dividende;IBZL;iSh MSCI Brazil USD Dis;IE00B0M63516;1.0;32.63;0.00;0.00;32.63;USD;32.63;724.67;USD
08-03-2012 11:32:18;00000000;Dividende;MSFT;MICROSOFT ORD;US5949181045;1.0;42.00;12.60;0.00;29.40;USD;29.40;692.04;USD
06-03-2012 14:02:57;30597613;Fx-Gutschrift Comp.;;;;1.0;64.62;0.00;0.00;64.62;CHF;64.62;0.00;CHF
06-03-2012 14:02:57;30597613;Fx-Belastung Comp.;;;;1.0;71.06;0.00;0.00;-71.06;USD;-71.06;662.64;USD
05-03-2012 17:28:38;00000000;Auszahlung;;;;1.0;108.00;0.00;0.00;-108.00;CHF;-108.00;-64.62;CHF
07-02-2012 11:46:09;00000000;Dividende;UBS-ETFMSCICAAD;UBSETF MSCI CANADA CAD DIS;LU0446734872;1.0;43.38;0.00;0.00;43.38;CHF;43.38;43.38;CHF
02-01-2012 14:10:01;29844882;Fx-Gutschrift Comp.;;;;1.0;21.60;0.00;0.00;21.60;CHF;21.60;0.00;CHF
02-01-2012 14:10:01;29844882;Fx-Belastung Comp.;;;;1.0;23.18;0.00;0.00;-23.18;USD;-23.18;733.70;USD
01-01-2012 14:16:25;00000000;Zins;;;;1.0;0.04;0.00;0.00;0.04;CHF;0.04;-21.60;CHF
01-01-2012 14:03:28;00000000;Zins;;;;1.0;3.56;0.00;0.00;-3.56;USD;-3.56;756.88;USD
01-01-2012 14:03:23;00000000;Zins;;;;1.0;0.04;0.00;0.00;0.04;EUR;0.04;79.97;EUR
30-12-2011 18:03:39;00000000;Depotgebühren;;;;1.0;21.64;0.00;0.00;-21.64;CHF;-21.64;-21.64;CHF
21-12-2011 12:25:43;00000000;Dividende;IBZL;iSh MSCI Brazil USD Dis;IE00B0M63516;1.0;57.68;0.00;0.00;57.68;USD;57.68;760.44;USD
21-12-2011 12:07:21;00000000;Dividende;FXC;iSh China LrgCap USD Dis;IE00B02KXK85;1.0;17.12;0.00;0.00;17.12;USD;17.12;702.76;USD
08-12-2011 12:16:30;00000000;Dividende;MSFT;MICROSOFT ORD;US5949181045;1.0;42.00;12.60;0.00;29.40;USD;29.40;685.64;USD
01-11-2011 14:01:50;29215634;Fx-Gutschrift Comp.;;;;1.0;1'268.30;0.00;0.00;1'268.30;CHF;1'268.30;0.00;CHF
01-11-2011 14:01:50;29215634;Fx-Belastung Comp.;;;;1.0;1'429.96;0.00;0.00;-1'429.96;USD;-1'429.96;656.24;USD
31-10-2011 09:16:31;29185784;Kauf;PRWN;PRECIOUS WOODS N;CH0013283368;91.0;12.45;11.85;0.00;-1'144.80;CHF;-1'144.80;-1'268.30;CHF
31-10-2011 09:16:30;29185784;Kauf;PRWN;PRECIOUS WOODS N;CH0013283368;9.0;12.45;11.45;0.00;-123.50;CHF;-123.50;-123.50;CHF
28-10-2011 10:47:09;00000000;Dividende;MSFT;MICROSOFT ORD;US5949181045;1.0;33.60;10.08;0.00;23.52;USD;23.52;2'086.20;USD
26-10-2011 14:07:14;00000000;Storno (Dividende);MSFT;MICROSOFT ORD;US5949181045;1.0;33.60;10.08;0.00;-23.52;USD;-23.52;2'062.68;USD
26-10-2011 09:06:29;00000000;Corporate Action;ZGLD;ZKB GOLD ETF;CH0139101593;30.0;0;0.00;0.00;-;;-;0.00;
26-10-2011 09:06:29;00000000;Corporate Action;ZGLD;ZKB GOLD ETF;CH0024391002;-3.0;0;0.00;0.00;-;;-;0.00;
26-10-2011 09:05:08;00000000;Storno (Corporate Action);ZGLD;ZKB GOLD ETF;CH0024391002;27.0;0;0.00;0.00;-;;-;0.00;
26-10-2011 08:57:22;00000000;Corporate Action (Storniert);ZGLD;ZKB GOLD ETF;CH0024391002;27.0;0;0.00;0.00;-;;-;0.00;
19-10-2011 14:05:31;29073315;Fx-Gutschrift Comp.;;;;1.0;5'721.09;0.00;0.00;5'721.09;CHF;5'721.09;0.00;CHF
19-10-2011 14:05:31;29073315;Fx-Belastung Comp.;;;;1.0;6'417.24;0.00;0.00;-6'417.24;USD;-6'417.24;2'086.20;USD
18-10-2011 14:21:39;29040256;Verkauf;Csf-LuxDjAigCAB;CSF Lux Commodity Index Plus Sfr B;LU0230917477;100.0;83.92;9.00;0.00;8'383.00;CHF;8'383.00;-5'721.09;CHF
18-10-2011 10:45:01;29040245;Verkauf;Fidelity-SouEas;Fidelity Funds South East Asia Fund A USD;LU0048597586;1400.0;5.905;9.00;0.00;8'258.00;USD;8'258.00;8'503.44;USD
17-10-2011 09:01:04;29040343;Kauf;ZGLD;ZKB GOLD ETF;CH0024391002;3.0;4'736.49;24.15;0.00;-14'233.60;CHF;-14'233.60;-14'104.09;CHF
30-09-2011 20:45:19;00000000;Depotgebühren;;;;1.0;20.39;0.00;0.00;-20.39;CHF;-20.39;129.51;CHF
22-09-2011 11:44:19;00000000;Dividende;FXC;iSh China LrgCap USD Dis;IE00B02KXK85;1.0;74.46;0.00;0.00;74.46;USD;74.46;245.44;USD
22-09-2011 11:01:26;00000000;Dividende;IBZL;iSh MSCI Brazil USD Dis;IE00B0M63516;1.0;29.34;0.00;0.00;29.34;USD;29.34;170.98;USD
16-09-2011 04:19:39;00000000;Einzahlung;;;;1.0;65.00;0.00;0.00;65.00;CHF;65.00;149.90;CHF
08-09-2011 17:50:33;00000000;Dividende (Storniert);MSFT;MICROSOFT ORD;US5949181045;1.0;33.60;10.08;0.00;23.52;USD;23.52;141.64;USD
16-08-2011 14:14:53;00000000;Dividende;Fidelity-SouEas;Fidelity Funds South East Asia Fund A USD;LU0048597586;1.0;4.34;0.00;0.00;4.34;USD;4.34;118.12;USD
04-08-2011 09:54:09;00000000;Dividende;;UBSETF MSCI CANADA CAD DIS;LU0446734872;1.0;35.45;0.00;0.00;35.45;CHF;35.45;84.90;CHF
04-08-2011 06:01:00;00000000;Corporate Action;PACUSA;UBSETF MSCI CANADA CAD DIS;LU0446734872;170.0;0;0.00;0.00;-;;-;0.00;
04-08-2011 06:00:00;00000000;Corporate Action;;UBSETF MSCI CANADA CAD DIS;LU0446734872;-170.0;0;0.00;0.00;-;;-;0.00;
01-07-2011 14:27:53;00000000;Zins;;;;1.0;0.89;0.00;0.00;0.89;USD;0.89;113.78;USD
01-07-2011 14:10:52;00000000;Zins;;;;1.0;0.15;0.00;0.00;0.15;CHF;0.15;49.45;CHF
01-07-2011 13:48:05;00000000;Zins;;;;1.0;0.09;0.00;0.00;0.09;EUR;0.09;79.93;EUR
30-06-2011 15:43:00;00000000;Depotgebühren;;;;1.0;25.34;0.00;0.00;-25.34;CHF;-25.34;49.30;CHF
22-06-2011 14:56:24;00000000;Dividende;FXC;iSh China LrgCap USD Dis;IE00B02KXK85;1.0;7.18;0.00;0.00;7.18;USD;7.18;112.89;USD
22-06-2011 14:53:21;00000000;Dividende;IBZL;iSh MSCI Brazil USD Dis;IE00B0M63516;1.0;82.19;0.00;0.00;82.19;USD;82.19;105.71;USD
09-06-2011 12:46:30;00000000;Dividende;MSFT;MICROSOFT ORD;US5949181045;1.0;23.52;0.00;0.00;23.52;USD;23.52;23.52;USD
20-04-2011 13:55:23;00000000;Auszahlung;;;;1.0;108.00;0.00;0.00;-108.00;CHF;-108.00;74.64;CHF
06-04-2011 14:01:48;26801105;Fx-Gutschrift Comp.;;;;1.0;136.28;0.00;0.00;136.28;USD;136.28;0.00;USD
06-04-2011 14:01:48;26801105;Fx-Belastung Comp.;;;;1.0;95.86;0.00;0.00;-95.86;EUR;-95.86;79.84;EUR
06-04-2011 11:53:40;00000000;Dividende;NOBN;NOBEL BIOCARE N;CH0037851646;1.0;175.00;0.00;0.00;175.00;CHF;175.00;182.64;CHF
05-04-2011 09:05:49;26776844;Kauf;CSAE;ISHARES Glbl Alt. Energy UCITS;IE00B3YKW880;140.0;63.00;26.01;0.00;-8'846.01;USD;-8'846.01;-136.28;USD
31-03-2011 18:10:43;00000000;Depotgebühren;;;;1.0;25.96;0.00;0.00;-25.96;CHF;-25.96;7.64;CHF
24-03-2011 10:19:56;00000000;Dividende;IBZL;iSh MSCI Brazil USD Dis;IE00B0M63516;1.0;35.28;0.00;0.00;35.28;USD;35.28;8'709.73;USD
10-03-2011 14:12:49;00000000;Dividende;MSFT;MICROSOFT ORD;US5949181045;1.0;23.52;0.00;0.00;23.52;USD;23.52;8'674.45;USD
23-02-2011 16:08:49;26160959;Verkauf;REDF;REDIFF.COM INDIA SPON ADR;US7574791007;1350.0;6.00;22.31;0.00;8'077.69;USD;8'077.69;8'650.93;USD
23-02-2011 16:08:49;26160959;Verkauf;REDF;REDIFF.COM INDIA SPON ADR;US7574791007;100.0;6.00;26.76;0.00;573.24;USD;573.24;573.24;USD
17-02-2011 14:01:42;26133770;Fx-Gutschrift Comp.;;;;1.0;8'496.54;0.00;0.00;8'496.54;USD;8'496.54;0.00;USD
17-02-2011 14:01:42;26133770;Fx-Belastung Comp.;;;;1.0;8'183.35;0.00;0.00;-8'183.35;CHF;-8'183.35;33.60;CHF
16-02-2011 18:09:54;26121949;Kauf;REDF;REDIFF.COM INDIA SPON ADR;US7574791007;307.0;7.05;3.25;0.00;-2'167.60;USD;-2'167.60;-8'496.54;USD
16-02-2011 18:09:42;26121949;Kauf;REDF;REDIFF.COM INDIA SPON ADR;US7574791007;100.0;7.04;1.06;0.00;-705.06;USD;-705.06;-6'328.94;USD
16-02-2011 18:09:42;26121949;Kauf;REDF;REDIFF.COM INDIA SPON ADR;US7574791007;100.0;7.04;1.06;0.00;-705.06;USD;-705.06;-5'623.88;USD
16-02-2011 18:09:42;26121949;Kauf;REDF;REDIFF.COM INDIA SPON ADR;US7574791007;100.0;7.04;1.06;0.00;-705.06;USD;-705.06;-4'918.82;USD
16-02-2011 18:09:41;26121949;Kauf;REDF;REDIFF.COM INDIA SPON ADR;US7574791007;100.0;7.04;1.06;0.00;-705.06;USD;-705.06;-4'213.76;USD
16-02-2011 18:09:41;26121949;Kauf;REDF;REDIFF.COM INDIA SPON ADR;US7574791007;100.0;7.04;1.06;0.00;-705.06;USD;-705.06;-3'508.70;USD
16-02-2011 18:09:41;26121949;Kauf;REDF;REDIFF.COM INDIA SPON ADR;US7574791007;93.0;7.05;0.98;0.00;-656.63;USD;-656.63;-2'803.64;USD
16-02-2011 18:09:41;26121949;Kauf;REDF;REDIFF.COM INDIA SPON ADR;US7574791007;100.0;7.04;11.06;0.00;-715.06;USD;-715.06;-2'147.01;USD
16-02-2011 18:09:41;26121949;Kauf;REDF;REDIFF.COM INDIA SPON ADR;US7574791007;100.0;7.02;1.05;0.00;-703.05;USD;-703.05;-1'431.95;USD
16-02-2011 18:09:41;26121949;Kauf;REDF;REDIFF.COM INDIA SPON ADR;US7574791007;100.0;7.02;26.90;0.00;-728.90;USD;-728.90;-728.90;USD
08-02-2011 14:04:13;25992819;Verkauf;SQN;SWISSQUOTE N;CH0010675863;140.0;59.00;43.05;0.00;8'216.95;CHF;8'216.95;8'216.95;CHF
08-02-2011 14:02:00;26003578;Fx-Gutschrift Comp.;;;;1.0;4'185.58;0.00;0.00;4'185.58;CHF;4'185.58;0.00;CHF
08-02-2011 14:02:00;26003578;Fx-Belastung Comp.;;;;1.0;3'229.29;0.00;0.00;-3'229.29;EUR;-3'229.29;175.70;EUR
08-02-2011 14:02:00;26003577;Fx-Gutschrift Comp.;;;;1.0;278.45;0.00;0.00;278.45;CHF;278.45;-4'185.58;CHF
08-02-2011 14:02:00;26003577;Fx-Belastung Comp.;;;;1.0;293.55;0.00;0.00;-293.55;USD;-293.55;0.00;USD
08-02-2011 11:32:24;25998188;Kauf;;UBSETF MSCI CANADA CAD DIS;LU0446734872;170.0;35.27;56.96;0.00;-6'052.86;CAD;-4'523.81;3'404.99;EUR
07-02-2011 09:01:36;25974234;Kauf;ODHN;ORASCOM DEVELOPMENT HLD AG N;CH0038285679;100.0;46.00;40.80;0.00;-4'640.80;CHF;-4'640.80;-4'464.03;CHF
03-02-2011 10:05:11;25936840;Verkauf;CSGN;CS GROUP N;CH0012138530;100.0;42.50;40.05;0.00;4'209.95;CHF;4'209.95;176.77;CHF
03-02-2011 09:03:01;25936854;Verkauf;UBSN;UBS N;CH0024899483;61.0;17.30;0.80;0.00;1'054.50;CHF;1'054.50;-4'033.18;CHF
03-02-2011 09:02:08;25937447;Kauf;OERL;OC OERLIKON N;CH0000816824;716.0;5.89;18.30;0.00;-4'235.55;CHF;-4'235.55;-5'087.68;CHF
03-02-2011 09:02:08;25937447;Kauf;OERL;OC OERLIKON N;CH0000816824;984.0;5.89;41.70;0.00;-5'837.45;CHF;-5'837.45;-852.13;CHF
03-02-2011 09:02:06;25936854;Verkauf;UBSN;UBS N;CH0024899483;269.0;17.30;40.85;0.00;4'612.85;CHF;4'612.85;4'985.32;CHF
02-02-2011 09:05:00;25919061;Verkauf;INR;LYXOR MSCI INDIA ETF;FR0010361683;379.0;11.395;6.48;0.00;4'312.23;EUR;4'312.23;7'928.80;EUR
02-02-2011 09:05:00;25919061;Verkauf;INR;LYXOR MSCI INDIA ETF;FR0010361683;321.0;11.395;41.34;0.00;3'616.46;EUR;3'616.46;3'616.57;EUR
18-01-2011 15:30:30;25720372;Kauf;NVDA;NVIDIA ORD;US67066G1040;220.0;23.27;43.53;0.00;-5'162.93;USD;-5'162.93;293.55;USD
14-01-2011 17:10:33;25701568;Berichtigung Börsengeb.;AMD;ADVANCED MICRO DEVICES ORD;US0079031078;1.0;-0.02;0.00;0.00;-0.02;USD;-0.02;5'456.48;USD
14-01-2011 17:10:28;25701568;Verkauf;AMD;ADVANCED MICRO DEVICES ORD;US0079031078;650.0;8.20;43.92;0.00;5'286.08;USD;5'286.08;5'456.50;USD
01-01-2011 13:04:43;00000000;Zins;;;;1.0;0.45;0.00;0.00;-0.45;CHF;-0.45;372.47;CHF
01-01-2011 12:28:32;00000000;Zins;;;;1.0;0.05;0.00;0.00;0.05;USD;0.05;170.42;USD
31-12-2010 14:20:27;00000000;Depotgebühren;;;;1.0;26.17;0.00;0.00;-26.17;CHF;-26.17;372.92;CHF
22-12-2010 11:20:37;00000000;Dividende;IBZL;iSh MSCI Brazil USD Dis;IE00B0M63516;1.0;29.87;0.00;0.00;29.87;USD;29.87;170.37;USD
10-12-2010 13:32:39;00000000;Dividende;MSFT;MICROSOFT ORD;US5949181045;1.0;23.52;0.00;0.00;23.52;USD;23.52;140.50;USD
24-11-2010 09:59:44;00000000;Dividende;FXC;iSh China LrgCap USD Dis;IE00B02KXK85;1.0;16.82;0.00;0.00;16.82;USD;16.82;116.98;USD
03-11-2010 09:01:44;24847698;Kauf;NOBN;NOBEL BIOCARE N;CH0037851646;500.0;15.68;43.35;0.00;-7'883.35;CHF;-7'883.35;399.09;CHF
02-11-2010 09:31:38;24791756;Verkauf;FORN;FORBO N;CH0003541510;15.0;540.00;42.95;0.00;8'057.05;CHF;8'057.05;8'282.44;CHF
30-09-2010 17:43:17;00000000;Depotgebühren;;;;1.0;24.70;0.00;0.00;-24.70;CHF;-24.70;225.39;CHF
22-09-2010 15:06:36;00000000;Dividende;IBZL;iSh MSCI Brazil USD Dis;IE00B0M63516;1.0;23.83;0.00;0.00;23.83;USD;23.83;100.16;USD
22-09-2010 14:59:44;00000000;Dividende;FXC;iSh China LrgCap USD Dis;IE00B02KXK85;1.0;57.23;0.00;0.00;57.23;USD;57.23;76.33;USD
10-09-2010 15:28:24;00000000;Dividende;MSFT;MICROSOFT ORD;US5949181045;1.0;19.10;0.00;0.00;19.10;USD;19.10;19.10;USD
08-09-2010 16:31:50;24246533;Kauf;SQN;SWISSQUOTE N;CH0010675863;75.0;40.20;2.25;0.00;-3'017.25;CHF;-3'017.25;250.09;CHF
08-09-2010 16:30:58;24246533;Kauf;SQN;SWISSQUOTE N;CH0010675863;55.0;40.20;27.65;0.00;-2'238.65;CHF;-2'238.65;3'267.34;CHF
08-09-2010 16:30:58;24246533;Kauf;SQN;SWISSQUOTE N;CH0010675863;10.0;40.20;11.65;0.00;-413.65;CHF;-413.65;5'505.99;CHF
08-09-2010 15:11:07;24244508;Verkauf;LONN;LONZA N;CH0013841017;60.0;87.90;40.80;0.00;5'233.20;CHF;5'233.20;5'919.64;CHF
02-07-2010 14:06:44;23590832;Fx-Gutschrift Comp.;;;;1.0;1.40;0.00;0.00;1.40;USD;1.40;0.00;USD
02-07-2010 14:06:44;23590832;Fx-Belastung Comp.;;;;1.0;1.50;0.00;0.00;-1.50;CHF;-1.50;686.44;CHF
01-07-2010 23:16:45;00000000;Zins;;;;1.0;0.55;0.00;0.00;0.55;CHF;0.55;687.94;CHF
01-07-2010 23:13:40;00000000;Zins;;;;1.0;0.11;0.00;0.00;0.11;EUR;0.11;0.11;EUR
01-07-2010 23:05:13;00000000;Zins;;;;1.0;1.40;0.00;0.00;-1.40;USD;-1.40;-1.40;USD
30-06-2010 18:28:09;00000000;Depotgebühren;;;;1.0;26.46;0.00;0.00;-26.46;CHF;-26.46;687.39;CHF
30-06-2010 14:00:57;23539282;Fx-Gutschrift Comp.;;;;1.0;6'233.00;0.00;0.00;6'233.00;USD;6'233.00;0.00;USD
30-06-2010 14:00:57;23539282;Fx-Belastung Comp.;;;;1.0;6'783.05;0.00;0.00;-6'783.05;CHF;-6'783.05;713.85;CHF
29-06-2010 09:01:59;23517564;Kauf;IBZL;iSh MSCI Brazil USD Dis;IE00B0M63516;120.0;52.05;21.52;0.00;-6'267.52;USD;-6'267.52;-6'233.00;USD
28-06-2010 16:35:09;23516933;Verkauf;FORN;FORBO N;CH0003541510;15.0;465.00;42.10;0.00;6'932.90;CHF;6'932.90;7'496.90;CHF
23-06-2010 18:01:23;00000000;Dividende;FXC;iSh China LrgCap USD Dis;IE00B02KXK85;1.0;15.42;0.00;0.00;15.42;USD;15.42;34.52;USD
11-06-2010 18:22:39;00000000;Dividende;MSFT;MICROSOFT ORD;US5949181045;1.0;19.10;0.00;0.00;19.10;USD;19.10;19.10;USD
10-05-2010 12:28:32;00000000;Dividende;CSGN;CS GROUP N;CH0012138530;1.0;130.00;0.00;0.00;130.00;CHF;130.00;564.00;CHF
30-04-2010 13:44:05;00000000;Dividende;FORN;FORBO N;CH0003541510;1.0;117.00;0.00;0.00;117.00;CHF;117.00;434.00;CHF
19-04-2010 14:02:11;22670721;Fx-Gutschrift Comp.;;;;1.0;186.33;0.00;0.00;186.33;USD;186.33;0.00;USD
19-04-2010 14:02:11;22670721;Fx-Belastung Comp.;;;;1.0;200.25;0.00;0.00;-200.25;CHF;-200.25;317.00;CHF
16-04-2010 15:30:04;22637493;Kauf;MSFT;MICROSOFT ORD;US5949181045;210.0;30.75;45.54;0.00;-6'503.04;USD;-6'503.04;-186.33;USD
15-04-2010 16:08:53;22609118;Berichtigung Börsengeb.;AMD;ADVANCED MICRO DEVICES ORD;US0079031078;1.0;-0.02;0.00;0.00;-0.02;USD;-0.02;6'316.71;USD
15-04-2010 16:08:48;22609118;Verkauf;AMD;ADVANCED MICRO DEVICES ORD;US0079031078;100.0;10.00;1.52;0.00;998.48;USD;998.48;6'316.73;USD
15-04-2010 16:08:48;22609118;Verkauf;AMD;ADVANCED MICRO DEVICES ORD;US0079031078;500.0;10.00;43.41;0.00;4'956.59;USD;4'956.59;5'318.25;USD
12-04-2010 16:20:29;00000000;Dividende;LONN;LONZA N;CH0013841017;1.0;68.25;0.00;0.00;68.25;CHF;68.25;517.25;CHF
31-03-2010 17:57:24;00000000;Depotgebühren;;;;1.0;23.34;0.00;0.00;-23.34;CHF;-23.34;449.00;CHF
16-03-2010 14:01:30;22272376;Fx-Gutschrift Comp.;;;;1.0;4'381.97;0.00;0.00;4'381.97;EUR;4'381.97;0.00;EUR
16-03-2010 14:01:30;22272376;Fx-Belastung Comp.;;;;1.0;6'048.48;0.00;0.00;-6'048.48;USD;-6'048.48;361.66;USD
15-03-2010 16:15:00;22262051;Berichtigung Börsengeb.;Y9V3;VITRUVIUS SWISS EQUITY B EUR O;LU0129839998;1.0;-0.15;0.00;0.00;-0.15;EUR;-0.15;-4'381.97;EUR
15-03-2010 16:14:58;22262051;Kauf;Y9V3;VITRUVIUS SWISS EQUITY B EUR O;LU0129839998;50.0;86.72;45.82;0.00;-4'381.82;EUR;-4'381.82;-4'381.82;EUR
15-03-2010 11:44:30;22257902;Verkauf;IH2O;iSh Glob Water USD Dis;IE00B1TXK627;300.0;21.44;21.86;0.00;6'410.14;USD;6'410.14;6'410.14;USD
03-03-2010 14:01:13;22139116;Fx-Gutschrift Comp.;;;;1.0;2'262.64;0.00;0.00;2'262.64;EUR;2'262.64;0.00;EUR
03-03-2010 14:01:13;22139116;Fx-Belastung Comp.;;;;1.0;3'327.10;0.00;0.00;-3'327.10;CHF;-3'327.10;472.34;CHF
02-03-2010 16:54:18;22128407;Kauf;INR;LYXOR MSCI INDIA ETF;FR0010361683;109.0;11.07;27.66;0.00;-1'234.29;EUR;-1'234.29;-2'262.64;EUR
02-03-2010 10:06:25;22119629;Kauf;INR;LYXOR MSCI INDIA ETF;FR0010361683;91.0;11.00;27.35;0.00;-1'028.35;EUR;-1'028.35;-1'028.35;EUR
26-02-2010 16:24:27;22093124;Verkauf;MIKN;MIKRON N;CH0003390066;151.0;6.50;0.75;0.00;980.75;CHF;980.75;3'799.44;CHF
26-02-2010 15:45:12;22093124;Verkauf;MIKN;MIKRON N;CH0003390066;349.0;6.50;38.55;0.00;2'229.95;CHF;2'229.95;2'818.69;CHF
16-02-2010 14:02:36;21973404;Fx-Gutschrift Comp.;;;;1.0;3'845.73;0.00;0.00;3'845.73;USD;3'845.73;0.00;USD
16-02-2010 14:02:36;21973404;Fx-Belastung Comp.;;;;1.0;4'165.25;0.00;0.00;-4'165.25;CHF;-4'165.25;588.74;CHF
16-02-2010 14:02:36;21973403;Fx-Gutschrift Comp.;;;;1.0;1'724.67;0.00;0.00;1'724.67;USD;1'724.67;-3'845.73;USD
16-02-2010 14:02:36;21973403;Fx-Belastung Comp.;;;;1.0;1'271.60;0.00;0.00;-1'271.60;EUR;-1'271.60;0.00;EUR
15-02-2010 16:31:35;21964311;Kauf;FXC;iSh China LrgCap USD Dis;IE00B02KXK85;50.0;111.00;20.40;0.00;-5'570.40;USD;-5'570.40;-5'570.40;USD
15-02-2010 16:21:12;21964387;Kauf;CSGN;CS GROUP N;CH0012138530;100.0;46.17;40.80;0.00;-4'657.80;CHF;-4'657.80;4'753.99;CHF
29-01-2010 15:40:16;21789025;Verkauf;MIKN;MIKRON N;CH0003390066;300.0;6.69;38.35;0.00;1'968.65;CHF;1'968.65;9'411.79;CHF
19-01-2010 11:30:39;21626040;Verkauf;SIA-LTIFClsSIA;LTIF Classic - CHF class;LU0301246772;20.0;356.11;9.00;0.00;7'113.20;CHF;7'113.20;7'443.14;CHF
15-01-2010 14:36:30;21626049;Verkauf;CSH;CENIT ORD;DE0005407100;250.0;5.20;28.40;0.00;1'271.60;EUR;1'271.60;1'271.60;EUR
05-01-2010 14:17:26;21468688;Fx-Gutschrift Comp.;;;;1.0;0.66;0.00;0.00;0.66;EUR;0.66;0.00;EUR
05-01-2010 14:17:26;21468688;Fx-Belastung Comp.;;;;1.0;1.00;0.00;0.00;-1.00;CHF;-1.00;329.94;CHF
05-01-2010 10:44:52;21457194;Forex-Belastung;;;;1.0;4'478.22;0.00;0.00;-4'478.22;USD;-4'478.22;0.00;USD
05-01-2010 10:44:52;21457194;Forex-Gutschrift;;;;1.0;4'572.75;0.00;0.00;4'572.75;CHF;4'572.75;330.94;CHF
04-01-2010 16:52:38;21434501;Kauf;PRWN;PRECIOUS WOODS N;CH0013283368;110.0;38.00;40.00;0.00;-4'220.00;CHF;-4'220.00;-4'241.81;CHF
04-01-2010 15:32:59;21427894;Berichtigung Börsengeb.;WYN;WYNDHAM DESTINATIONS ORD;US98310W1080;1.0;-0.06;0.00;0.00;-0.06;USD;-0.06;4'478.22;USD
04-01-2010 15:32:54;21427894;Verkauf;WYN;WYNDHAM DESTINATIONS ORD;US98310W1080;200.0;20.51;42.05;0.00;4'059.95;USD;4'059.95;4'478.28;USD
01-01-2010 13:26:42;00000000;Zins;;;;1.0;0.66;0.00;0.00;-0.66;EUR;-0.66;-0.66;EUR
01-01-2010 13:26:42;00000000;Zins;;;;1.0;2.03;0.00;0.00;-2.03;USD;-2.03;418.33;USD
01-01-2010 13:26:42;00000000;Zins;;;;1.0;0.40;0.00;0.00;0.40;CHF;0.40;-21.81;CHF
31-12-2009 16:39:15;00000000;Depotgebühren;;;;1.0;22.21;0.00;0.00;-22.21;CHF;-22.21;-22.21;CHF
14-12-2009 09:48:51;00000000;Dividende;WYN;WYNDHAM DESTINATIONS ORD;US98310W1080;1.0;5.60;0.00;0.00;5.60;USD;5.60;420.36;USD
25-11-2009 21:01:10;00000000;Dividende;IH2O;iSh Glob Water USD Dis;IE00B1TXK627;1.0;95.19;0.00;0.00;95.19;USD;95.19;414.76;USD
17-11-2009 14:01:37;21009330;Fx-Gutschrift Comp.;;;;1.0;4'954.50;0.00;0.00;4'954.50;CHF;4'954.50;0.00;CHF
17-11-2009 14:01:37;21009330;Fx-Belastung Comp.;;;;1.0;4'915.42;0.00;0.00;-4'915.42;USD;-4'915.42;319.57;USD
16-11-2009 16:55:16;20989807;Kauf;LONN;LONZA N;CH0013841017;50.0;81.90;18.05;0.00;-4'113.05;CHF;-4'113.05;-4'954.50;CHF
16-11-2009 13:40:27;20989807;Kauf;LONN;LONZA N;CH0013841017;10.0;81.90;22.45;0.00;-841.45;CHF;-841.45;-841.45;CHF
27-10-2009 14:01:31;20765058;Fx-Gutschrift Comp.;;;;1.0;2'261.90;0.00;0.00;2'261.90;EUR;2'261.90;0.00;EUR
27-10-2009 14:01:31;20765058;Fx-Belastung Comp.;;;;1.0;3'383.92;0.00;0.00;-3'383.92;USD;-3'383.92;5'234.99;USD
27-10-2009 14:01:31;20765057;Fx-Gutschrift Comp.;;;;1.0;5'074.04;0.00;0.00;5'074.04;EUR;5'074.04;-2'261.90;EUR
27-10-2009 14:01:31;20765057;Fx-Belastung Comp.;;;;1.0;7'723.40;0.00;0.00;-7'723.40;CHF;-7'723.40;0.00;CHF
26-10-2009 10:35:44;20715682;Kauf;Car-Investissem;Carmignac Investissement A;FR0010148981;1.0;7'665.04;161.50;0.00;-7'826.54;EUR;-7'826.54;-7'335.94;EUR
22-10-2009 11:38:36;20715541;Verkauf;IBZL;iSh MSCI Brazil USD Dis;IE00B0M63516;150.0;57.63;25.59;0.00;8'618.91;USD;8'618.91;8'618.91;USD
22-10-2009 11:37:21;20715512;Verkauf;JPNJPA;UBSETF MSCI JAPAN JPY DIS;LU0136240974;250.0;30.99;24.10;0.00;7'723.40;CHF;7'723.40;7'723.40;CHF
12-10-2009 06:01:00;00000000;Corporate Action;JPNJPA;UBSETF MSCI JAPAN JPY DIS;LU0136240974;250.0;0;0.00;0.00;-;;-;0.00;
12-10-2009 06:00:00;00000000;Corporate Action;FDJPHU;UBSETF MSCI JAPAN JPY DIS;LU0136240974;-250.0;0;0.00;0.00;-;;-;0.00;
01-10-2009 14:11:12;20430801;Fx-Gutschrift Comp.;;;;1.0;20.60;0.00;0.00;20.60;CHF;20.60;0.00;CHF
01-10-2009 14:11:12;20430801;Fx-Belastung Comp.;;;;1.0;13.65;0.00;0.00;-13.65;EUR;-13.65;490.60;EUR
30-09-2009 18:07:51;00000000;Depotgebühren;;;;1.0;20.60;0.00;0.00;-20.60;CHF;-20.60;-20.60;CHF
30-09-2009 14:01:14;20408008;Fx-Gutschrift Comp.;;;;1.0;257.44;0.00;0.00;257.44;CHF;257.44;0.00;CHF
30-09-2009 14:01:14;20408008;Fx-Belastung Comp.;;;;1.0;171.54;0.00;0.00;-171.54;EUR;-171.54;504.25;EUR
30-09-2009 14:01:14;20408007;Fx-Gutschrift Comp.;;;;1.0;7'569.12;0.00;0.00;7'569.12;USD;7'569.12;0.00;USD
30-09-2009 14:01:14;20408007;Fx-Belastung Comp.;;;;1.0;5'196.57;0.00;0.00;-5'196.57;EUR;-5'196.57;675.79;EUR
29-09-2009 14:33:37;20372968;Verkauf;UBS-CHEqFdEasEu;UBS (CH) Equity Fund - Eastern Europe P;CH0006893843;8.0;735.17;9.00;0.00;5'872.36;EUR;5'872.36;5'872.36;EUR
29-09-2009 14:23:45;20373118;Kauf;Fidelity-SouEas;Fidelity Funds South East Asia Fund A USD;LU0048597586;1400.0;5.392;20.32;0.00;-7'569.12;USD;-7'569.12;-7'569.12;USD
23-09-2009 14:01:07;20326211;Fx-Gutschrift Comp.;;;;1.0;11'126.40;0.00;0.00;11'126.40;CHF;11'126.40;-257.44;CHF
23-09-2009 14:01:07;20326211;Fx-Belastung Comp.;;;;1.0;10'958.20;0.00;0.00;-10'958.20;USD;-10'958.20;0.00;USD
22-09-2009 15:43:02;20273778;Verkauf;UBS-CHEqFdEne;UBS (CH) Equity Fund - Energy P;CH0000584505;40.0;274.18;9.00;0.00;10'958.20;USD;10'958.20;10'958.20;USD
22-09-2009 14:01:16;20309816;Fx-Gutschrift Comp.;;;;1.0;4'990.75;0.00;0.00;4'990.75;CHF;4'990.75;-11'383.84;CHF
22-09-2009 14:01:16;20309816;Fx-Belastung Comp.;;;;1.0;4'906.62;0.00;0.00;-4'906.62;USD;-4'906.62;0.00;USD
22-09-2009 14:01:16;20309815;Fx-Gutschrift Comp.;;;;1.0;57.15;0.00;0.00;57.15;CHF;57.15;-16'374.59;CHF
22-09-2009 14:01:16;20309815;Fx-Belastung Comp.;;;;1.0;37.91;0.00;0.00;-37.91;EUR;-37.91;0.00;EUR
21-09-2009 17:16:58;20297878;Kauf;FORN;FORBO N;CH0003541510;30.0;282.25;43.70;0.00;-8'511.20;CHF;-8'511.20;-16'431.74;CHF
21-09-2009 17:08:06;20297549;Kauf;FDJPHU;UBSETF MSCI JAPAN JPY DIS;LU0136240974;250.0;32.30;24.65;0.00;-8'099.65;CHF;-8'099.65;-7'920.54;CHF
21-09-2009 14:34:32;20287298;Verkauf;LYRUS;Lyxor RUSSIA;FR0010339457;150.0;32.70;19.38;0.00;4'885.62;USD;4'885.62;4'906.62;USD
18-09-2009 19:26:06;00000000;Dividende;LYRUS;Lyxor RUSSIA;FR0010339457;1.0;21.00;0.00;0.00;21.00;USD;21.00;21.00;USD
15-09-2009 14:01:22;20201186;Fx-Gutschrift Comp.;;;;1.0;6'965.64;0.00;0.00;6'965.64;USD;6'965.64;0.00;USD
15-09-2009 14:01:22;20201186;Fx-Belastung Comp.;;;;1.0;7'283.70;0.00;0.00;-7'283.70;CHF;-7'283.70;179.11;CHF
14-09-2009 16:19:14;20188360;Kauf;AMD;ADVANCED MICRO DEVICES ORD;US0079031078;150.0;5.54;1.25;0.00;-832.25;USD;-832.25;-6'965.64;USD
14-09-2009 16:19:14;20188360;Kauf;AMD;ADVANCED MICRO DEVICES ORD;US0079031078;100.0;5.54;0.83;0.00;-554.83;USD;-554.83;-6'133.39;USD
14-09-2009 16:19:14;20188360;Kauf;AMD;ADVANCED MICRO DEVICES ORD;US0079031078;900.0;5.54;17.48;0.00;-5'003.48;USD;-5'003.48;-5'578.56;USD
14-09-2009 16:19:13;20188360;Kauf;AMD;ADVANCED MICRO DEVICES ORD;US0079031078;100.0;5.54;26.68;0.00;-580.68;USD;-580.68;-575.08;USD
14-09-2009 11:18:28;00000000;Dividende;WYN;WYNDHAM DESTINATIONS ORD;US98310W1080;1.0;5.60;0.00;0.00;5.60;USD;5.60;5.60;USD
11-09-2009 16:20:46;00000000;Dividende;UBS-CHEqFdEasEu;UBS (CH) Equity Fund - Eastern Europe P;CH0006893843;1.0;37.91;0.00;0.00;37.91;EUR;37.91;37.91;EUR
09-09-2009 14:01:07;20115893;Fx-Gutschrift Comp.;;;;1.0;7'173.55;0.00;0.00;7'173.55;USD;7'173.55;0.00;USD
09-09-2009 14:01:07;20115893;Fx-Belastung Comp.;;;;1.0;7'548.85;0.00;0.00;-7'548.85;CHF;-7'548.85;7'462.81;CHF
08-09-2009 10:23:43;20095071;Kauf;IBZL;iSh MSCI Brazil USD Dis;IE00B0M63516;150.0;47.69;23.10;0.00;-7'176.60;USD;-7'176.60;-7'173.55;USD
02-09-2009 15:34:50;20033773;Verkauf;IUKP;iSh UK Property GBP Dis;IE00B1TXLS18;1000.0;6.20;21.60;0.00;6'178.40;CHF;6'178.40;15'011.66;CHF
02-09-2009 12:44:25;20033702;Verkauf;PRWN;PRECIOUS WOODS N;CH0013283368;150.0;45.75;42.50;0.00;6'820.00;CHF;6'820.00;8'833.26;CHF
27-08-2009 14:27:03;00000000;Dividende;IUKP;iSh UK Property GBP Dis;IE00B1TXLS18;1.0;35.85;0.00;0.00;35.85;CHF;35.85;2'013.26;CHF
01-07-2009 18:21:15;00000000;Zins;;;;1.0;2.55;0.00;0.00;-2.55;USD;-2.55;3.05;USD
01-07-2009 18:21:15;00000000;Zins;;;;1.0;1.55;0.00;0.00;1.55;CHF;1.55;1'977.41;CHF
29-06-2009 17:52:55;00000000;Depotgebühren;;;;1.0;14.89;0.00;0.00;-14.89;CHF;-14.89;1'975.86;CHF
15-06-2009 17:49:00;00000000;Dividende;WYN;WYNDHAM DESTINATIONS ORD;US98310W1080;1.0;5.60;0.00;0.00;5.60;USD;5.60;5.60;USD
11-06-2009 14:01:11;18968899;Fx-Gutschrift Comp.;;;;1.0;4'751.54;0.00;0.00;4'751.54;USD;4'751.54;0.00;USD
11-06-2009 14:01:11;18968899;Fx-Belastung Comp.;;;;1.0;5'175.50;0.00;0.00;-5'175.50;CHF;-5'175.50;1'990.75;CHF
10-06-2009 14:48:33;18954240;Kauf;LYRUS;Lyxor RUSSIA;FR0010339457;150.0;31.55;19.04;0.00;-4'751.54;USD;-4'751.54;-4'751.54;USD
10-06-2009 11:42:56;18950480;Kauf;PRWN;PRECIOUS WOODS N;CH0013283368;150.0;35.00;40.80;0.00;-5'290.80;CHF;-5'290.80;7'166.25;CHF
09-06-2009 14:00:55;18938034;Fx-Gutschrift Comp.;;;;1.0;5'420.14;0.00;0.00;5'420.14;USD;5'420.14;0.00;USD
09-06-2009 14:00:55;18938034;Fx-Belastung Comp.;;;;1.0;5'927.15;0.00;0.00;-5'927.15;CHF;-5'927.15;12'457.05;CHF
08-06-2009 15:45:58;18922929;Kauf;IH2O;iSh Glob Water USD Dis;IE00B1TXK627;300.0;18.00;20.14;0.00;-5'420.14;USD;-5'420.14;-5'420.14;USD
08-06-2009 15:44:10;18925593;Kauf;IUKP;iSh UK Property GBP Dis;IE00B1TXLS18;1000.0;5.10;19.75;0.00;-5'119.75;CHF;-5'119.75;18'384.20;CHF
29-05-2009 16:45:40;18835825;Verkauf;STLN;Swiss Steel Holding AG;CH0005795668;500.0;29.80;63.05;0.00;14'836.95;CHF;14'836.95;23'503.95;CHF
29-05-2009 16:11:24;18835763;Verkauf;DUFN;DUFRY N;CH0023405456;180.0;42.50;42.60;0.00;7'607.40;CHF;7'607.40;8'667.00;CHF
14-05-2009 14:35:06;18608262;Kauf;-LuxDJComIndPlu;CSF (Lux) Commodity Index Plus (Sfr) B;LU0230917477;100.0;66.98;43.55;0.00;-6'741.55;CHF;-6'741.55;1'059.60;CHF
12-05-2009 13:26:59;18584248;Verkauf;NOVN;NOVARTIS N;CH0012005267;180.0;43.00;42.65;0.00;7'697.35;CHF;7'697.35;7'801.15;CHF
27-04-2009 21:00:40;00000000;Dividende;STLN;Swiss Steel Holding AG;CH0005795668;1.0;162.50;0.00;0.00;162.50;CHF;162.50;103.80;CHF
24-04-2009 14:02:54;18332156;Fx-Gutschrift Comp.;;;;1.0;8'143.85;0.00;0.00;8'143.85;CHF;8'143.85;-58.70;CHF
24-04-2009 14:02:54;18332156;Fx-Belastung Comp.;;;;1.0;7'189.84;0.00;0.00;-7'189.84;USD;-7'189.84;0.00;USD
24-04-2009 14:02:54;18332155;Fx-Gutschrift Comp.;;;;1.0;18.25;0.00;0.00;18.25;CHF;18.25;-8'202.55;CHF
24-04-2009 14:02:54;18332155;Fx-Belastung Comp.;;;;1.0;12.13;0.00;0.00;-12.13;EUR;-12.13;0.00;EUR
23-04-2009 09:00:47;18303242;Kauf;DUFN;DUFRY N;CH0023405456;55.0;23.00;0.95;0.00;-1'265.95;CHF;-1'265.95;-8'220.80;CHF
23-04-2009 09:00:47;18303242;Kauf;DUFN;DUFRY N;CH0023405456;125.0;23.00;39.50;0.00;-2'914.50;CHF;-2'914.50;-6'954.85;CHF
23-04-2009 09:00:38;18303259;Kauf;MIKN;MIKRON N;CH0003390066;800.0;5.00;40.35;0.00;-4'040.35;CHF;-4'040.35;-4'040.35;CHF
22-04-2009 16:03:19;18283578;Verkauf;MXWL;MAXWELL TECHNOLOGIES ORD;US5777671067;790.0;9.00;46.70;0.00;7'063.30;USD;7'063.30;7'189.84;USD
20-04-2009 14:13:28;18237201;Fx-Gutschrift Comp.;;;;1.0;11.57;0.00;0.00;11.57;CHF;11.57;0.00;CHF
20-04-2009 14:13:28;18237201;Fx-Belastung Comp.;;;;1.0;9.95;0.00;0.00;-9.95;USD;-9.95;126.54;USD
20-04-2009 13:35:30;18230100;Verkauf;EMQ;EMQTEC ORD;DE000A0JL529;600.0;0.064;26.51;0.00;11.89;EUR;11.89;12.13;EUR
17-04-2009 18:36:01;00000000;Depotgebühren;;;;1.0;11.57;0.00;0.00;-11.57;CHF;-11.57;-11.57;CHF
16-03-2009 12:50:17;00000000;Dividende;WYN;WYNDHAM DESTINATIONS ORD;US98310W1080;1.0;5.60;0.00;0.00;5.60;USD;5.60;136.49;USD
10-03-2009 14:01:23;17694509;Fx-Gutschrift Comp.;;;;1.0;457.13;0.00;0.00;457.13;CHF;457.13;0.00;CHF
10-03-2009 14:01:23;17694509;Fx-Belastung Comp.;;;;1.0;401.64;0.00;0.00;-401.64;USD;-401.64;130.89;USD
09-03-2009 09:01:21;17671722;Kauf;STLN;Swiss Steel Holding AG;CH0005795668;500.0;12.00;41.85;0.00;-6'041.85;CHF;-6'041.85;-457.13;CHF
27-02-2009 17:03:27;00000000;Dividende;NOVN;NOVARTIS N;CH0012005267;1.0;234.00;0.00;0.00;234.00;CHF;234.00;5'584.72;CHF
01-01-2009 11:30:27;00000000;Zins;;;;1.0;0.24;0.00;0.00;0.24;EUR;0.24;0.24;EUR
01-01-2009 11:30:27;00000000;Zins;;;;1.0;2.76;0.00;0.00;2.76;USD;2.76;532.53;USD
01-01-2009 11:30:27;00000000;Zins;;;;1.0;0.90;0.00;0.00;0.90;CHF;0.90;5'350.72;CHF
29-12-2008 17:39:33;00000000;Depotgebühren;;;;1.0;29.33;0.00;0.00;-29.33;CHF;-29.33;5'349.82;CHF
11-12-2008 15:20:41;00000000;Dividende;WYN;WYNDHAM DESTINATIONS ORD;US98310W1080;1.0;5.60;0.00;0.00;5.60;USD;5.60;529.77;USD
10-12-2008 14:55:45;00000000;Dividende;UBS-CHEqFdEne;UBS (CH) Equity Fund - Energy P;CH0000584505;1.0;68.90;0.00;0.00;68.90;USD;68.90;524.17;USD
07-11-2008 14:00:38;16252764;Fx-Gutschrift Comp.;;;;1.0;3'233.36;0.00;0.00;3'233.36;EUR;3'233.36;0.00;EUR
07-11-2008 14:00:38;16252764;Fx-Belastung Comp.;;;;1.0;4'870.75;0.00;0.00;-4'870.75;CHF;-4'870.75;5'379.15;CHF
07-11-2008 10:09:09;16200502;Kauf;SIA-LTIFCls(SIA;LTIF Classic - CHF class;LU0301246772;20.0;235.97;30.70;0.00;-4'750.10;CHF;-4'750.10;10'249.90;CHF
05-11-2008 09:06:01;16200446;Kauf;INR;LYXOR MSCI INDIA ETF;FR0010361683;500.0;6.65;40.84;0.00;-3'365.84;EUR;-3'365.84;-3'233.36;EUR
04-11-2008 08:00:28;00000000;Vergütung;;;;1.0;15'000.00;0.00;0.00;15'000.00;CHF;15'000.00;15'000.00;CHF
09-10-2008 14:00:36;15751825;Fx-Gutschrift Comp.;;;;1.0;6'077.15;0.00;0.00;6'077.15;CHF;6'077.15;0.00;CHF
09-10-2008 14:00:36;15751825;Fx-Belastung Comp.;;;;1.0;5'413.70;0.00;0.00;-5'413.70;USD;-5'413.70;455.27;USD
08-10-2008 09:01:26;15707920;Kauf;UBSN;UBS N;CH0024899483;330.0;18.30;41.90;0.00;-6'080.90;CHF;-6'080.90;-6'077.15;CHF
11-09-2008 16:16:01;00000000;Dividende;WYN;WYNDHAM DESTINATIONS ORD;US98310W1080;1.0;5.60;0.00;0.00;5.60;USD;5.60;5'868.97;USD
01-07-2008 18:15:19;00000000;Zins;;;;1.0;0.13;0.00;0.00;0.13;EUR;0.13;132.48;EUR
01-07-2008 18:15:19;00000000;Zins;;;;1.0;0.48;0.00;0.00;0.48;USD;0.48;5'863.37;USD
01-07-2008 18:15:19;00000000;Zins;;;;1.0;3.75;0.00;0.00;3.75;CHF;3.75;3.75;CHF
01-07-2008 14:05:23;14647993;Fx-Gutschrift Comp.;;;;1.0;31.95;0.00;0.00;31.95;CHF;31.95;0.00;CHF
01-07-2008 14:05:23;14647993;Fx-Belastung Comp.;;;;1.0;31.64;0.00;0.00;-31.64;USD;-31.64;5'862.89;USD
30-06-2008 18:04:00;00000000;Depotgebühren;;;;1.0;31.95;0.00;0.00;-31.95;CHF;-31.95;-31.95;CHF
24-06-2008 03:04:54;00000000;Titelausgang;IOM;IOMEGA ORD;US4620303051;1500.0;3.85;0.00;0.00;-;;-;0.00;
24-06-2008 02:44:36;00000000;Einzahlung;;;;1.0;5'775.00;0.00;0.00;5'775.00;USD;5'775.00;5'894.53;USD
12-06-2008 16:30:18;00000000;Dividende;WYN;WYNDHAM DESTINATIONS ORD;US98310W1080;1.0;5.60;0.00;0.00;5.60;USD;5.60;119.53;USD
02-06-2008 18:13:28;00000000;Dividende;CSH;CENIT ORD;DE0005407100;1.0;98.62;0.00;0.00;98.62;EUR;98.62;132.35;EUR
19-05-2008 21:17:47;14233745;Kauf;MXWL;MAXWELL TECHNOLOGIES ORD;US5777671067;100.0;12.80;16.92;0.00;-1'296.92;USD;-1'296.92;113.93;USD
19-05-2008 21:17:47;14233745;Kauf;MXWL;MAXWELL TECHNOLOGIES ORD;US5777671067;690.0;12.80;49.10;0.00;-8'881.10;USD;-8'881.10;1'410.85;USD
19-05-2008 21:13:35;14233720;Forex-Gutschrift;;;;1.0;10'227.76;0.00;0.00;10'227.76;USD;10'227.76;10'291.95;USD
19-05-2008 21:13:35;14233720;Forex-Belastung;;;;1.0;10'851.65;0.00;0.00;-10'851.65;CHF;-10'851.65;0.00;CHF
22-04-2008 09:07:52;00000000;Einzahlung;;;;1.0;10'000.00;0.00;0.00;10'000.00;CHF;10'000.00;10'851.65;CHF
13-03-2008 11:17:12;00000000;Dividende;WYN;WYNDHAM DESTINATIONS ORD;US98310W1080;1.0;5.60;0.00;0.00;5.60;USD;5.60;64.19;USD
29-02-2008 11:43:03;00000000;Dividende;NOVN;NOVARTIS N;CH0012005267;1.0;187.20;0.00;0.00;187.20;CHF;187.20;851.65;CHF
01-01-2008 11:18:06;00000000;Zins;;;;1.0;0.66;0.00;0.00;0.66;EUR;0.66;33.73;EUR
01-01-2008 11:18:06;00000000;Zins;;;;1.0;1.89;0.00;0.00;1.89;USD;1.89;58.59;USD
01-01-2008 11:18:06;00000000;Zins;;;;1.0;2.25;0.00;0.00;2.25;CHF;2.25;664.45;CHF
31-12-2007 14:19:15;00000000;Depotgebühren;;;;1.0;36.35;0.00;0.00;-36.35;CHF;-36.35;662.20;CHF
14-12-2007 17:01:52;00000000;Dividende;UBS-CHEqFdEne;UBS (CH) Equity Fund - Energy P;CH0000584505;1.0;45.50;0.00;0.00;45.50;USD;45.50;56.70;USD
04-12-2007 16:59:37;00000000;Dividende;WYN;WYNDHAM DESTINATIONS ORD;US98310W1080;1.0;5.60;0.00;0.00;5.60;USD;5.60;11.20;USD
21-09-2007 15:14:02;00000000;Dividende;UBS-CHEqFdEasEu;UBS (CH) Equity Fund - Eastern Europe P;CH0006893843;1.0;33.07;0.00;0.00;33.07;EUR;33.07;33.07;EUR
20-09-2007 16:58:34;00000000;Dividende (Storniert);UBS-CHEqFdEasEu;UBS (CH) Equity Fund - Eastern Europe P;CH0006893843;1.0;33.07;0.00;0.00;33.07;EUR;33.07;0.00;EUR
07-09-2007 12:50:18;00000000;Storno (Dividende);UBS-CHEqFdEasEu;UBS (CH) Equity Fund - Eastern Europe P;CH0006893843;1.0;33.07;0.00;0.00;-33.07;EUR;-33.07;-33.07;EUR
04-09-2007 14:25:01;00000000;Dividende;WYN;WYNDHAM DESTINATIONS ORD;US98310W1080;1.0;5.60;0.00;0.00;5.60;USD;5.60;5.60;USD
01-08-2007 14:00:38;11100545;Fx-Gutschrift Comp.;;;;1.0;17'794.92;0.00;0.00;17'794.92;USD;17'794.92;0.00;USD
01-08-2007 14:00:38;11100545;Fx-Belastung Comp.;;;;1.0;21'541.65;0.00;0.00;-21'541.65;CHF;-21'541.65;698.55;CHF
01-08-2007 14:00:38;11100544;Fx-Gutschrift Comp.;;;;1.0;5'243.57;0.00;0.00;5'243.57;EUR;5'243.57;0.00;EUR
01-08-2007 14:00:38;11100544;Fx-Belastung Comp.;;;;1.0;8'655.30;0.00;0.00;-8'655.30;CHF;-8'655.30;22'240.20;CHF
31-07-2007 17:22:48;11087375;Kauf;WYN;WYNDHAM DESTINATIONS ORD;US98310W1080;100.0;33.83;5.07;0.00;-3'388.07;USD;-3'388.07;-17'794.92;USD
31-07-2007 17:22:47;11087375;Kauf;WYN;WYNDHAM DESTINATIONS ORD;US98310W1080;100.0;33.83;40.92;0.00;-3'423.92;USD;-3'423.92;-14'406.85;USD
31-07-2007 16:38:46;11087128;Kauf;IOM;IOMEGA ORD;US4620303051;400.0;5.40;3.24;0.00;-2'163.24;USD;-2'163.24;-10'982.93;USD
31-07-2007 16:38:46;11087128;Kauf;IOM;IOMEGA ORD;US4620303051;1100.0;5.40;44.76;0.00;-5'984.76;USD;-5'984.76;-8'819.69;USD
31-07-2007 15:30:11;11087244;Kauf;REDF;REDIFF.COM INDIA SPON ADR;US7574791007;250.0;16.02;41.86;0.00;-4'046.86;USD;-4'046.86;-2'834.93;USD
31-07-2007 10:30:58;11087340;Kauf;EMQ;EMQTEC ORD;DE000A0JL529;600.0;5.11;41.05;0.00;-3'107.05;EUR;-3'107.05;-5'243.57;EUR
31-07-2007 10:26:18;11087194;Kauf;CSH;CENIT ORD;DE0005407100;250.0;11.65;40.82;0.00;-2'953.32;EUR;-2'953.32;-2'136.52;EUR
31-07-2007 07:46:34;00000000;Einzahlung;;;;1.0;30'000.00;0.00;0.00;30'000.00;CHF;30'000.00;30'895.50;CHF
01-07-2007 11:04:21;00000000;Zins;;;;1.0;2.26;0.00;0.00;2.26;EUR;2.26;816.80;EUR
01-07-2007 11:04:21;00000000;Zins;;;;1.0;0.81;0.00;0.00;0.81;USD;0.81;1'211.93;USD
01-07-2007 11:04:21;00000000;Zins;;;;1.0;5.05;0.00;0.00;5.05;CHF;5.05;895.50;CHF
29-06-2007 17:59:50;00000000;Depotgebühren;;;;1.0;21.50;0.00;0.00;-21.50;CHF;-21.50;890.45;CHF
13-03-2007 16:31:40;00000000;Dividende;NOVN;NOVARTIS N;CH0012005267;1.0;157.95;0.00;0.00;157.95;CHF;157.95;911.95;CHF
01-02-2007 15:23:52;9043647;Kauf;UBS-CHEqFdEasEu;UBS (CH) Equity Fund - Eastern Europe P;CH0006893843;8.0;1'142.47;45.70;0.00;-9'185.46;EUR;-9'185.46;814.54;EUR
31-01-2007 13:02:17;9078966;Kauf;NOVN;NOVARTIS N;CH0012005267;41.0;71.50;17.20;0.00;-2'948.70;CHF;-2'948.70;754.00;CHF
31-01-2007 13:02:17;9078966;Kauf;NOVN;NOVARTIS N;CH0012005267;139.0;71.50;43.30;0.00;-9'981.80;CHF;-9'981.80;3'702.70;CHF
29-01-2007 19:52:57;9057917;Forex-Gutschrift;;;;1.0;10'000.00;0.00;0.00;10'000.00;EUR;10'000.00;10'000.00;EUR
29-01-2007 19:52:57;9057917;Forex-Belastung;;;;1.0;16'315.50;0.00;0.00;-16'315.50;CHF;-16'315.50;13'684.50;CHF
25-01-2007 07:39:38;00000000;Einzahlung;;;;1.0;30'000.00;0.00;0.00;30'000.00;CHF;30'000.00;30'000.00;CHF
23-01-2007 19:43:49;8992670;Forex-Belastung;;;;1.0;15'000.00;0.00;0.00;-15'000.00;CHF;-15'000.00;0.00;CHF
23-01-2007 19:43:49;8992670;Forex-Gutschrift;;;;1.0;12'000.00;0.00;0.00;12'000.00;USD;12'000.00;1'211.12;USD
23-01-2007 09:48:41;8931397;Kauf;UBS-CHEqFdEne;UBS (CH) Equity Fund - Energy P;CH0000584505;40.0;268.38;53.68;0.00;-10'788.88;USD;-10'788.88;-10'788.88;USD
17-01-2007 07:49:33;00000000;Einzahlung;;;;1.0;15'000.00;0.00;0.00;15'000.00;CHF;15'000.00;15'000.00;CHF
